nl_prompt,Download STEP,3D Preview,timestamp
,,,2025-11-11 22:54:44.416916
Make a block 50×30×10 mm with a radius‑5 hole in the centre,.gradio/flagged/Download STEP/69732724b781caf5de8b/block_with_hole.step,"<iframe srcdoc=""
    <!DOCTYPE html>
    <html lang=&quot;en&quot;>
    <head>
    <meta charset=&quot;UTF-8&quot;>
    <title>BRep Preview</title>
    <style> body { margin: 0; } canvas { width: 100%; height: 100%; display: block; } </style>
    </head>
    <body>
    <script src=&quot;https://cdnjs.cloudflare.com/ajax/libs/three.js/r148/three.min.js&quot;></script>
    <script src=&quot;https://cdn.jsdelivr.net/npm/three@0.148.0/examples/js/loaders/STLLoader.js&quot;></script>
    <script src=&quot;https://cdn.jsdelivr.net/npm/three@0.148.0/examples/js/controls/OrbitControls.js&quot;></script>
    <script>
    const scene = new THREE.Scene();
    scene.background = new THREE.Color(0xf0f0f0);

    const camera = new THREE.PerspectiveCamera(75, window.innerWidth/window.innerHeight, 0.1, 1000);
    const renderer = new THREE.WebGLRenderer({antialias: true});
    renderer.setSize(window.innerWidth, window.innerHeight);
    document.body.appendChild(renderer.domElement);

    const loader = new THREE.STLLoader();
    const bytes = Uint8Array.from(atob(&quot;U1RMIEV4cG9ydGVkIGJ5IE9wZW4gQ0FTQ0FERSBUZWNobm9sb2d5IFtkZXYub3BlbmNhc2NhZGUub3JnXQAAAAAAAAAAAAAAAAAAAAAAAAD0AQAAoet/P3M7zDwAAAAAFc2fQNj8c0EAAKBAAACgQAAAcEEAAKBAAACgQAAAcEEAAKDAAACh638/czvMPAAAAAAVzZ9A2PxzQQAAoEAAAKBAAABwQQAAoMAVzZ9A2PxzQQAAoMAAAMBIfz8XDJk9AAAAAHY0n0Am93dBAACgQBXNn0DY/HNBAACgwHY0n0Am93dBAACgwAAAYwN+P+qn/j0AAAAAdjSfQCb3d0EAAKBAdjSfQCb3d0EAAKDAgzaeQGPse0EAAKDAAADASH8/FwyZPQAAAAB2NJ9AJvd3QQAAoEAVzZ9A2PxzQQAAoEAVzZ9A2PxzQQAAoMAAAGMDfj/qp/49AAAAAIM2nkBj7HtBAACgQHY0n0Am93dBAACgQIM2nkBj7HtBAACgwAAAXBx8P9TQMT4AAAAA3dOcQAjaf0EAAKBAgzaeQGPse0EAAKDA3dOcQAjaf0EAAKDAAADglHk/h9xjPgAAAADd05xACNp/QQAAoEDd05xACNp/QQAAoMBoDZtAzN6BQQAAoMAAAFwcfD/U0DE+AAAAAN3TnEAI2n9BAACgQIM2nkBj7HtBAACgQIM2nkBj7HtBAACgwAAA4JR5P4fcYz4AAAAAaA2bQMzegUEAAKBA3dOcQAjaf0EAAKBAaA2bQMzegUEAAKDAAACLbnY/mquKPgAAAABD5JhAS8qDQQAAoEBoDZtAzN6BQQAAoMBD5JhAS8qDQQAAoMAAAItudj+aq4o+AAAAAEPkmEBLyoNBAACgQGgNm0DM3oFBAACgQGgNm0DM3oFBAACgwAAAXqtyP68Qoz4AAAAAz1mWQEmuhUEAAKBAQ+SYQEvKg0EAAKDAz1mWQEmuhUEAAKDAAAC+TW4/+w27PgAAAADPWZZASa6FQQAAoEDPWZZASa6FQQAAoMCqb5NAk4mHQQAAoMAAAF6rcj+vEKM+AAAAAM9ZlkBJroVBAACgQEPkmEBLyoNBAACgQEPkmEBLyoNBAACgwAAAvk1uP/sNuz4AAAAAqm+TQJOJh0EAAKBAz1mWQEmuhUEAAKBAqm+TQJOJh0EAAKDAAABzWGk/OZTSPgAAAACvJ5BA+FqJQQAAoECqb5NAk4mHQQAAoMCvJ5BA+FqJQQAAoMAAAHNYaT85lNI+AAAAAK8nkED4WolBAACgQKpvk0CTiYdBAACgQKpvk0CTiYdBAACgwAAApM5jP3GU6T4AAAAA9YOMQFIhi0EAAKBAryeQQPhaiUEAAKDA9YOMQFIhi0EAAKDAAACkzmM/cZTpPgAAAAD1g4xAUiGLQQAAoECvJ5BA+FqJQQAAoECvJ5BA+FqJQQAAoMAAANezXT8AAAA/AAAAAMuGiEB/24xBAACgQPWDjEBSIYtBAACgQPWDjEBSIYtBAACgwAAA17NdPwAAAD8AAAAAy4aIQH/bjEEAAKBA9YOMQFIhi0EAAKDAy4aIQH/bjEEAAKDAAADwC1c/UOQKPwAAAADLhohAf9uMQQAAoEDLhohAf9uMQQAAoMC9MoRAZoiOQQAAoMAAAPALVz9Q5Ao/AAAAAL0yhEBmiI5BAACgQMuGiEB/24xBAACgQL0yhEBmiI5BAACgwAAAK9tPPzpwFT8AAAAAGBV/QPUmkEEAAKBAvTKEQGaIjkEAAKBAvTKEQGaIjkEAAKDAAAAr208/OnAVPwAAAAAYFX9A9SaQQQAAoEC9MoRAZoiOQQAAoMAYFX9A9SaQQQAAoMAAABwmSD8HnR8/AAAAAFwidUAltpFBAACgQBgVf0D1JpBBAACgQBgVf0D1JpBBAACgwAAAHCZIPwedHz8AAAAAXCJ1QCW2kUEAAKBAGBV/QPUmkEEAAKDAXCJ1QCW2kUEAAKDAAACp8T8/PmQpPwAAAACck2pA+DSTQQAAoEBcInVAJbaRQQAAoEBcInVAJbaRQQAAoMAAAKnxPz8+ZCk/AAAAAJyTakD4NJNBAACgQFwidUAltpFBAACgwJyTakD4NJNBAACgwAAADUM3P6a/Mj8AAAAAnJNqQPg0k0EAAKBAnJNqQPg0k0EAAKDAj29fQHqilEEAAKDAAAANQzc/pr8yPwAAAACPb19AeqKUQQAAoECck2pA+DSTQQAAoECPb19AeqKUQQAAoMAAAM0fLj9KqTs/AAAAAE69U0DC/ZVBAACgQI9vX0B6opRBAACgQI9vX0B6opRBAACgwAAAzR8uP0qpOz8AAAAATr1TQML9lUEAAKBAj29fQHqilEEAAKDATr1TQML9lUEAAKDAAAC7jSQ/fRtEPwAAAABJhEdA9EWXQQAAoEBOvVNAwv2VQQAAoEBOvVNAwv2VQQAAoMAAALuNJD99G0Q/AAAAAEmER0D0RZdBAACgQE69U0DC/ZVBAACgwEmER0D0RZdBAACgwAAA7ZIaP+AQTD8AAAAASYRHQPRFl0EAAKBASYRHQPRFl0EAAKDASMw6QD96mEEAAKDAAADtkho/4BBMPwAAAABIzDpAP3qYQQAAoEBJhEdA9EWXQQAAoEBIzDpAP3qYQQAAoMAAAL41ED9ihFM/AAAAAGSdLUDemZlBAACgQEjMOkA/ephBAACgQEjMOkA/ephBAACgwAAAvjUQP2KEUz8AAAAAZJ0tQN6ZmUEAAKBASMw6QD96mEEAAKDAZJ0tQN6ZmUEAAKDAAADHfAU/RXFaPwAAAAAAACBAGqSaQQAAoEBknS1A3pmZQQAAoEBknS1A3pmZQQAAoMAAAMd8BT9FcVo/AAAAAAAAIEAapJpBAACgQGSdLUDemZlBAACgwAAAIEAapJpBAACgwAAAtd30PiHTYD8AAAAAx/wRQEqYm0EAAKBAAAAgQBqkmkEAAKBAAAAgQBqkmkEAAKDAAAC13fQ+IdNgPwAAAADH/BFASpibQQAAoEAAACBAGqSaQQAAoMDH/BFASpibQQAAoMAAAAIm3j7lpWY/AAAAAKScA0DSdZxBAACgQMf8EUBKmJtBAACgwKScA0DSdZxBAACgwAAAAibePuWlZj8AAAAApJwDQNJ1nEEAAKBAx/wRQEqYm0EAAKBAx/wRQEqYm0EAAKDAAADt4MY+3eVrPwAAAAB50ek/JjydQQAAoECknANA0nWcQQAAoMB50ek/JjydQQAAoMAAAO3gxj7d5Ws/AAAAAHnR6T8mPJ1BAACgQKScA0DSdZxBAACgQKScA0DSdZxBAACgwAAARB2vPrKPcD8AAAAA2tTLP8fqnUEAAKBAedHpPyY8nUEAAKDA2tTLP8fqnUEAAKDAAABEHa8+so9wPwAAAADa1Ms/x+qdQQAAoEB50ek/JjydQQAAoEB50ek/JjydQQAAoMAAACbqlj5roHQ/AAAAAIFWrT9GgZ5BAACgQNrUyz/H6p1BAACgwIFWrT9GgZ5BAACgwAAAJuqWPmugdD8AAAAAgVatP0aBnkEAAKBA2tTLP8fqnUEAAKBA2tTLP8fqnUEAAKDAAAD5rXw+cxV4PwAAAADUaY4/Q/+eQQAAoECBVq0/RoGeQQAAoMDUaY4/Q/+eQQAAoMAAAPmtfD5zFXg/AAAAANRpjj9D/55BAACgQIFWrT9GgZ5BAACgQIFWrT9GgZ5BAACgwAAA0+ZKPpbsej8AAAAACUVeP25kn0EAAKBA1GmOP0P/nkEAAKDACUVeP25kn0EAAKDAAACJnhg+BCR9PwAAAAAJRV4/bmSfQQAAoEAJRV4/bmSfQQAAoMDyKB8/iLCfQQAAoMAAANPmSj6W7Ho/AAAAAAlFXj9uZJ9BAACgQNRpjj9D/55BAACgQNRpjj9D/55BAACgwAAAiZ4YPgQkfT8AAAAA8igfP4iwn0EAAKBACUVeP25kn0EAAKBA8igfP4iwn0EAAKDAAAA66ss9Vrp+PwAAAAAdT78+XuOfQQAAoEDyKB8/iLCfQQAAoMAdT78+XuOfQQAAoMAAADrqyz1Wun4/AAAAAB1Pvz5e459BAACgQPIoHz+IsJ9BAACgQPIoHz+IsJ9BAACgwAAAMytMPYmufz8AAAAAUEr/PdH8n0EAAKBAHU+/Pl7jn0EAAKDAUEr/PdH8n0EAAKDAAAAzK0w9ia5/PwAAAABQSv890fyfQQAAoEAdT78+XuOfQQAAoEAdT78+XuOfQQAAoMAAAAAAAAAAAIA/AAAAAFBK/73R/J9BAACgQFBK/z3R/J9BAACgwFBK/73R/J9BAACgwAAAAAAAgAAAgD8AAAAAUEr/vdH8n0EAAKBAUEr/PdH8n0EAAKBAUEr/PdH8n0EAAKDAAAAzK0y9ia5/PwAAAAAdT7++XuOfQQAAoEBQSv+90fyfQQAAoMAdT7++XuOfQQAAoMAAADMrTL2Jrn8/AAAAAB1Pv75e459BAACgQFBK/73R/J9BAACgQFBK/73R/J9BAACgwAAAOurLvVa6fj8AAAAA8igfv4iwn0EAAKBAHU+/vl7jn0EAAKDA8igfv4iwn0EAAKDAAAA66su9Vrp+PwAAAADyKB+/iLCfQQAAoEAdT7++XuOfQQAAoEAdT7++XuOfQQAAoMAAAImeGL4EJH0/AAAAAAlFXr9uZJ9BAACgQPIoH7+IsJ9BAACgwAlFXr9uZJ9BAACgwAAAiZ4YvgQkfT8AAAAACUVev25kn0EAAKBA8igfv4iwn0EAAKBA8igfv4iwn0EAAKDAAADT5kq+lux6PwAAAADUaY6/Q/+eQQAAoEAJRV6/bmSfQQAAoMDUaY6/Q/+eQQAAoMAAANPmSr6W7Ho/AAAAANRpjr9D/55BAACgQAlFXr9uZJ9BAACgQAlFXr9uZJ9BAACgwAAA+a18vnMVeD8AAAAAgVatv0aBnkEAAKBA1GmOv0P/nkEAAKBA1GmOv0P/nkEAAKDAAAD5rXy+cxV4PwAAAACBVq2/RoGeQQAAoEDUaY6/Q/+eQQAAoMCBVq2/RoGeQQAAoMAAACbqlr5roHQ/AAAAAIFWrb9GgZ5BAACgQIFWrb9GgZ5BAACgwNrUy7/H6p1BAACgwAAAJuqWvmugdD8AAAAA2tTLv8fqnUEAAKBAgVatv0aBnkEAAKBA2tTLv8fqnUEAAKDAAABEHa++so9wPwAAAADa1Mu/x+qdQQAAoEDa1Mu/x+qdQQAAoMB50em/JjydQQAAoMAAAEQdr76yj3A/AAAAAHnR6b8mPJ1BAACgQNrUy7/H6p1BAACgQHnR6b8mPJ1BAACgwAAA7eDGvt3laz8AAAAApJwDwNJ1nEEAAKBAedHpvyY8nUEAAKBAedHpvyY8nUEAAKDAAADt4Ma+3eVrPwAAAACknAPA0nWcQQAAoEB50em/JjydQQAAoMCknAPA0nWcQQAAoMAAAAIm3r7lpWY/AAAAAMf8EcBKmJtBAACgQKScA8DSdZxBAACgQKScA8DSdZxBAACgwAAAAibevuWlZj8AAAAAx/wRwEqYm0EAAKBApJwDwNJ1nEEAAKDAx/wRwEqYm0EAAKDAAAC13fS+IdNgPwAAAAAAACDAGqSaQQAAoEDH/BHASpibQQAAoEDH/BHASpibQQAAoMAAALXd9L4h02A/AAAAAAAAIMAapJpBAACgQMf8EcBKmJtBAACgwAAAIMAapJpBAACgwAAAx3wFv0VxWj8AAAAAZJ0twN6ZmUEAAKBAAAAgwBqkmkEAAKBAAAAgwBqkmkEAAKDAAADHfAW/RXFaPwAAAABknS3A3pmZQQAAoEAAACDAGqSaQQAAoMBknS3A3pmZQQAAoMAAAL41EL9ihFM/AAAAAEjMOsA/ephBAACgQGSdLcDemZlBAACgQGSdLcDemZlBAACgwAAAvjUQv2KEUz8AAAAASMw6wD96mEEAAKBAZJ0twN6ZmUEAAKDASMw6wD96mEEAAKDAAADtkhq/4BBMPwAAAABJhEfA9EWXQQAAoEBIzDrAP3qYQQAAoEBIzDrAP3qYQQAAoMAAAO2SGr/gEEw/AAAAAEmER8D0RZdBAACgQEjMOsA/ephBAACgwEmER8D0RZdBAACgwAAAu40kv30bRD8AAAAATr1TwML9lUEAAKBASYRHwPRFl0EAAKBASYRHwPRFl0EAAKDAAAC7jSS/fRtEPwAAAABOvVPAwv2VQQAAoEBJhEfA9EWXQQAAoMBOvVPAwv2VQQAAoMAAAM0fLr9KqTs/AAAAAE69U8DC/ZVBAACgQE69U8DC/ZVBAACgwI9vX8B6opRBAACgwAAAzR8uv0qpOz8AAAAAj29fwHqilEEAAKBATr1TwML9lUEAAKBAj29fwHqilEEAAKDAAAANQze/pr8yPwAAAACck2rA+DSTQQAAoECPb1/AeqKUQQAAoECPb1/AeqKUQQAAoMAAAA1DN7+mvzI/AAAAAJyTasD4NJNBAACgQI9vX8B6opRBAACgwJyTasD4NJNBAACgwAAAqfE/vz5kKT8AAAAAXCJ1wCW2kUEAAKBAnJNqwPg0k0EAAKBAnJNqwPg0k0EAAKDAAACp8T+/PmQpPwAAAABcInXAJbaRQQAAoECck2rA+DSTQQAAoMBcInXAJbaRQQAAoMAAABwmSL8HnR8/AAAAABgVf8D1JpBBAACgQFwidcAltpFBAACgQFwidcAltpFBAACgwAAAHCZIvwedHz8AAAAAGBV/wPUmkEEAAKBAXCJ1wCW2kUEAAKDAGBV/wPUmkEEAAKDAAAAr20+/OnAVPwAAAAAYFX/A9SaQQQAAoEAYFX/A9SaQQQAAoMC9MoTAZoiOQQAAoMAAACvbT786cBU/AAAAAL0yhMBmiI5BAACgQBgVf8D1JpBBAACgQL0yhMBmiI5BAACgwAAA8AtXv1DkCj8AAAAAy4aIwH/bjEEAAKBAvTKEwGaIjkEAAKBAvTKEwGaIjkEAAKDAAADwC1e/UOQKPwAAAADLhojAf9uMQQAAoEC9MoTAZoiOQQAAoMDLhojAf9uMQQAAoMAAANezXb8AAAA/AAAAAMuGiMB/24xBAACgQMuGiMB/24xBAACgwPWDjMBSIYtBAACgwAAA17NdvwAAAD8AAAAA9YOMwFIhi0EAAKBAy4aIwH/bjEEAAKBA9YOMwFIhi0EAAKDAAACkzmO/cZTpPgAAAACvJ5DA+FqJQQAAoED1g4zAUiGLQQAAoED1g4zAUiGLQQAAoMAAAKTOY79xlOk+AAAAAK8nkMD4WolBAACgQPWDjMBSIYtBAACgwK8nkMD4WolBAACgwAAAc1hpvzmU0j4AAAAAryeQwPhaiUEAAKBAryeQwPhaiUEAAKDAqm+TwJOJh0EAAKDAAABzWGm/OZTSPgAAAACqb5PAk4mHQQAAoECvJ5DA+FqJQQAAoECqb5PAk4mHQQAAoMAAAL5Nbr/7Dbs+AAAAAM9ZlsBJroVBAACgQKpvk8CTiYdBAACgQKpvk8CTiYdBAACgwAAAvk1uv/sNuz4AAAAAz1mWwEmuhUEAAKBAqm+TwJOJh0EAAKDAz1mWwEmuhUEAAKDAAABeq3K/rxCjPgAAAABD5JjAS8qDQQAAoEDPWZbASa6FQQAAoEDPWZbASa6FQQAAoMAAAF6rcr+vEKM+AAAAAEPkmMBLyoNBAACgQM9ZlsBJroVBAACgwEPkmMBLyoNBAACgwAAAi252v5qrij4AAAAAQ+SYwEvKg0EAAKBAQ+SYwEvKg0EAAKDAaA2bwMzegUEAAKDAAACLbna/mquKPgAAAABoDZvAzN6BQQAAoEBD5JjAS8qDQQAAoEBoDZvAzN6BQQAAoMAAAOCUeb+H3GM+AAAAAN3TnMAI2n9BAACgQGgNm8DM3oFBAACgwN3TnMAI2n9BAACgwAAA4JR5v4fcYz4AAAAA3dOcwAjaf0EAAKBAaA2bwMzegUEAAKBAaA2bwMzegUEAAKDAAABcHHy/1NAxPgAAAACDNp7AY+x7QQAAoEDd05zACNp/QQAAoMCDNp7AY+x7QQAAoMAAAFwcfL/U0DE+AAAAAIM2nsBj7HtBAACgQN3TnMAI2n9BAACgQN3TnMAI2n9BAACgwAAAYwN+v+qn/j0AAAAAdjSfwCb3d0EAAKBAgzaewGPse0EAAKDAdjSfwCb3d0EAAKDAAABjA36/6qf+PQAAAAB2NJ/AJvd3QQAAoECDNp7AY+x7QQAAoECDNp7AY+x7QQAAoMAAAMBIf78XDJk9AAAAABXNn8DY/HNBAACgQHY0n8Am93dBAACgQHY0n8Am93dBAACgwAAAwEh/vxcMmT0AAAAAFc2fwNj8c0EAAKBAdjSfwCb3d0EAAKDAFc2fwNj8c0EAAKDAAACh63+/czvMPAAAAAAVzZ/A2PxzQQAAoEAVzZ/A2PxzQQAAoMAAAKDAAABwQQAAoMAAAKHrf79zO8w8AAAAAAAAoMAAAHBBAACgQBXNn8DY/HNBAACgQAAAoMAAAHBBAACgwAAAoet/v3M7zLwAAACAAACgwAAAcEEAAKBAAACgwAAAcEEAAKDAFc2fwCgDbEEAAKDAAACh63+/czvMvAAAAIAVzZ/AKANsQQAAoEAAAKDAAABwQQAAoEAVzZ/AKANsQQAAoMAAAMBIf78XDJm9AAAAAHY0n8DaCGhBAACgQBXNn8AoA2xBAACgQBXNn8AoA2xBAACgwAAAwEh/vxcMmb0AAACAdjSfwNoIaEEAAKBAFc2fwCgDbEEAAKDAdjSfwNoIaEEAAKDAAABjA36/6qf+vQAAAIB2NJ/A2ghoQQAAoEB2NJ/A2ghoQQAAoMCDNp7AnRNkQQAAoMAAAGMDfr/qp/69AAAAgIM2nsCdE2RBAACgQHY0n8DaCGhBAACgQIM2nsCdE2RBAACgwAAAXBx8v9TQMb4AAACAgzaewJ0TZEEAAKBAgzaewJ0TZEEAAKDA3dOcwPglYEEAAKDAAABcHHy/1NAxvgAAAIDd05zA+CVgQQAAoECDNp7AnRNkQQAAoEDd05zA+CVgQQAAoMAAAOCUeb+H3GO+AAAAgN3TnMD4JWBBAACgQN3TnMD4JWBBAACgwGgNm8BpQlxBAACgwAAA4JR5v4fcY74AAACAaA2bwGlCXEEAAKBA3dOcwPglYEEAAKBAaA2bwGlCXEEAAKDAAACLbna/mquKvgAAAABD5JjAamtYQQAAoEBoDZvAaUJcQQAAoEBoDZvAaUJcQQAAoMAAAItudr+aq4q+AAAAgEPkmMBqa1hBAACgQGgNm8BpQlxBAACgwEPkmMBqa1hBAACgwAAAXqtyv68Qo74AAACAQ+SYwGprWEEAAKBAQ+SYwGprWEEAAKDAz1mWwG2jVEEAAKDAAABeq3K/rxCjvgAAAIDPWZbAbaNUQQAAoEBD5JjAamtYQQAAoEDPWZbAbaNUQQAAoMAAAL5Nbr/7Dbu+AAAAAKpvk8Db7FBBAACgQM9ZlsBto1RBAACgQM9ZlsBto1RBAACgwAAAvk1uv/sNu74AAACAqm+TwNvsUEEAAKBAz1mWwG2jVEEAAKDAqm+TwNvsUEEAAKDAAABzWGm/OZTSvgAAAACvJ5DAEEpNQQAAoECqb5PA2+xQQQAAoECqb5PA2+xQQQAAoMAAAHNYab85lNK+AAAAgK8nkMAQSk1BAACgQKpvk8Db7FBBAACgwK8nkMAQSk1BAACgwAAApM5jv3GU6b4AAACAryeQwBBKTUEAAKBAryeQwBBKTUEAAKDA9YOMwFy9SUEAAKDAAACkzmO/cZTpvgAAAID1g4zAXL1JQQAAoECvJ5DAEEpNQQAAoED1g4zAXL1JQQAAoMAAANezXb8AAAC/AAAAAMuGiMACSUZBAACgQPWDjMBcvUlBAACgQPWDjMBcvUlBAACgwAAA17NdvwAAAL8AAACAy4aIwAJJRkEAAKBA9YOMwFy9SUEAAKDAy4aIwAJJRkEAAKDAAADwC1e/UOQKvwAAAIC9MoTANe9CQQAAoEDLhojAAklGQQAAoMC9MoTANe9CQQAAoMAAAPALV79Q5Aq/AAAAAL0yhMA170JBAACgQMuGiMACSUZBAACgQMuGiMACSUZBAACgwAAAK9tPvzpwFb8AAACAGBV/wBayP0EAAKBAvTKEwDXvQkEAAKDAGBV/wBayP0EAAKDAAAAcJki/B50fvwAAAIAYFX/AFrI/QQAAoEAYFX/AFrI/QQAAoMBcInXAtpM8QQAAoMAAACvbT786cBW/AAAAABgVf8AWsj9BAACgQL0yhMA170JBAACgQL0yhMA170JBAACgwAAAHCZIvwedH78AAACAXCJ1wLaTPEEAAKBAGBV/wBayP0EAAKBAXCJ1wLaTPEEAAKDAAACp8T+/PmQpvwAAAICck2rAEJY5QQAAoEBcInXAtpM8QQAAoMCck2rAEJY5QQAAoMAAAKnxP78+ZCm/AAAAAJyTasAQljlBAACgQFwidcC2kzxBAACgQFwidcC2kzxBAACgwAAADUM3v6a/Mr8AAACAj29fwAy7NkEAAKBAnJNqwBCWOUEAAKDAj29fwAy7NkEAAKDAAADNHy6/Sqk7vwAAAICPb1/ADLs2QQAAoECPb1/ADLs2QQAAoMBOvVPAewQ0QQAAoMAAAA1DN7+mvzK/AAAAAI9vX8AMuzZBAACgQJyTasAQljlBAACgQJyTasAQljlBAACgwAAAzR8uv0qpO78AAACATr1TwHsENEEAAKBAj29fwAy7NkEAAKBATr1TwHsENEEAAKDAAAC7jSS/fRtEvwAAAIBJhEfAF3QxQQAAoEBOvVPAewQ0QQAAoMBJhEfAF3QxQQAAoMAAALuNJL99G0S/AAAAAEmER8AXdDFBAACgQE69U8B7BDRBAACgQE69U8B7BDRBAACgwAAA7ZIav+AQTL8AAACASMw6wIILL0EAAKBASYRHwBd0MUEAAKDASMw6wIILL0EAAKDAAADtkhq/4BBMvwAAAABIzDrAggsvQQAAoEBJhEfAF3QxQQAAoEBJhEfAF3QxQQAAoMAAAL41EL9ihFO/AAAAgGSdLcBFzCxBAACgQEjMOsCCCy9BAACgwGSdLcBFzCxBAACgwAAAx3wFv0VxWr8AAACAZJ0twEXMLEEAAKBAZJ0twEXMLEEAAKDAAAAgwM23KkEAAKDAAAC+NRC/YoRTvwAAAABknS3ARcwsQQAAoEBIzDrAggsvQQAAoEBIzDrAggsvQQAAoMAAAMd8Bb9FcVq/AAAAgAAAIMDNtypBAACgQGSdLcBFzCxBAACgQAAAIMDNtypBAACgwAAAtd30viHTYL8AAACAx/wRwG3PKEEAAKBAAAAgwM23KkEAAKDAx/wRwG3PKEEAAKDAAAC13fS+IdNgvwAAAADH/BHAbc8oQQAAoEAAACDAzbcqQQAAoEAAACDAzbcqQQAAoMAAAAIm3r7lpWa/AAAAgKScA8BcFCdBAACgQMf8EcBtzyhBAACgwKScA8BcFCdBAACgwAAAAibevuWlZr8AAAAApJwDwFwUJ0EAAKBAx/wRwG3PKEEAAKBAx/wRwG3PKEEAAKDAAADt4Ma+3eVrvwAAAIB50em/tYclQQAAoECknAPAXBQnQQAAoMB50em/tYclQQAAoMAAAO3gxr7d5Wu/AAAAAHnR6b+1hyVBAACgQKScA8BcFCdBAACgQKScA8BcFCdBAACgwAAARB2vvrKPcL8AAAAA2tTLv3MqJEEAAKBAedHpv7WHJUEAAKBAedHpv7WHJUEAAKDAAABEHa++so9wvwAAAIDa1Mu/cyokQQAAoEB50em/tYclQQAAoMDa1Mu/cyokQQAAoMAAACbqlr5roHS/AAAAAIFWrb91/SJBAACgQNrUy79zKiRBAACgQNrUy79zKiRBAACgwAAAJuqWvmugdL8AAACAgVatv3X9IkEAAKBA2tTLv3MqJEEAAKDAgVatv3X9IkEAAKDAAAD5rXy+cxV4vwAAAADUaY6/egEiQQAAoECBVq2/df0iQQAAoECBVq2/df0iQQAAoMAAAPmtfL5zFXi/AAAAgNRpjr96ASJBAACgQIFWrb91/SJBAACgwNRpjr96ASJBAACgwAAA0+ZKvpbser8AAAAACUVevyM3IUEAAKBA1GmOv3oBIkEAAKBA1GmOv3oBIkEAAKDAAADT5kq+lux6vwAAAIAJRV6/IzchQQAAoEDUaY6/egEiQQAAoMAJRV6/IzchQQAAoMAAAImeGL4EJH2/AAAAgAlFXr8jNyFBAACgQAlFXr8jNyFBAACgwPIoH7/xniBBAACgwAAAiZ4YvgQkfb8AAACA8igfv/GeIEEAAKBACUVevyM3IUEAAKBA8igfv/GeIEEAAKDAAAA66su9Vrp+vwAAAIAdT7++RDkgQQAAoEDyKB+/8Z4gQQAAoMAdT7++RDkgQQAAoMAAADrqy71Wun6/AAAAAB1Pv75EOSBBAACgQPIoH7/xniBBAACgQPIoH7/xniBBAACgwAAAMytMvYmuf78AAACAUEr/vV4GIEEAAKBAHU+/vkQ5IEEAAKDAUEr/vV4GIEEAAKDAAAAzK0y9ia5/vwAAAABQSv+9XgYgQQAAoEAdT7++RDkgQQAAoEAdT7++RDkgQQAAoMAAABlbgCgAAIC/AAAAAFBK/z1eBiBBAACgQFBK/71eBiBBAACgwFBK/z1eBiBBAACgwAAAGVuAKAAAgL8AAAAAUEr/PV4GIEEAAKBAUEr/vV4GIEEAAKBAUEr/vV4GIEEAAKDAAAAzK0w9ia5/vwAAAAAdT78+RDkgQQAAoEBQSv89XgYgQQAAoMAdT78+RDkgQQAAoMAAADMrTD2Jrn+/AAAAAB1Pvz5EOSBBAACgQFBK/z1eBiBBAACgQFBK/z1eBiBBAACgwAAAOurLPVa6fr8AAAAA8igfP/GeIEEAAKBAHU+/PkQ5IEEAAKDA8igfP/GeIEEAAKDAAAA66ss9Vrp+vwAAAADyKB8/8Z4gQQAAoEAdT78+RDkgQQAAoEAdT78+RDkgQQAAoMAAAImeGD4EJH2/AAAAAAlFXj8jNyFBAACgQPIoHz/xniBBAACgwAlFXj8jNyFBAACgwAAAiZ4YPgQkfb8AAAAACUVePyM3IUEAAKBA8igfP/GeIEEAAKBA8igfP/GeIEEAAKDAAADT5ko+lux6vwAAAADUaY4/egEiQQAAoEAJRV4/IzchQQAAoMDUaY4/egEiQQAAoMAAANPmSj6W7Hq/AAAAANRpjj96ASJBAACgQAlFXj8jNyFBAACgQAlFXj8jNyFBAACgwAAA+a18PnMVeL8AAAAAgVatP3X9IkEAAKBA1GmOP3oBIkEAAKDAgVatP3X9IkEAAKDAAAD5rXw+cxV4vwAAAACBVq0/df0iQQAAoEDUaY4/egEiQQAAoEDUaY4/egEiQQAAoMAAACbqlj5roHS/AAAAANrUyz9zKiRBAACgQIFWrT91/SJBAACgwNrUyz9zKiRBAACgwAAAJuqWPmugdL8AAAAA2tTLP3MqJEEAAKBAgVatP3X9IkEAAKBAgVatP3X9IkEAAKDAAABEHa8+so9wvwAAAAB50ek/tYclQQAAoEDa1Ms/cyokQQAAoMB50ek/tYclQQAAoMAAAEQdrz6yj3C/AAAAAHnR6T+1hyVBAACgQNrUyz9zKiRBAACgQNrUyz9zKiRBAACgwAAA7eDGPt3la78AAAAApJwDQFwUJ0EAAKBAedHpP7WHJUEAAKDApJwDQFwUJ0EAAKDAAADt4MY+3eVrvwAAAACknANAXBQnQQAAoEB50ek/tYclQQAAoEB50ek/tYclQQAAoMAAAAIm3j7lpWa/AAAAAMf8EUBtzyhBAACgQKScA0BcFCdBAACgwMf8EUBtzyhBAACgwAAAtd30PiHTYL8AAAAAx/wRQG3PKEEAAKBAx/wRQG3PKEEAAKDAAAAgQM23KkEAAKDAAAACJt4+5aVmvwAAAADH/BFAbc8oQQAAoECknANAXBQnQQAAoECknANAXBQnQQAAoMAAALXd9D4h02C/AAAAAAAAIEDNtypBAACgQMf8EUBtzyhBAACgQAAAIEDNtypBAACgwAAAx3wFP0VxWr8AAAAAZJ0tQEXMLEEAAKBAAAAgQM23KkEAAKDAZJ0tQEXMLEEAAKDAAADHfAU/RXFavwAAAABknS1ARcwsQQAAoEAAACBAzbcqQQAAoEAAACBAzbcqQQAAoMAAAL41ED9ihFO/AAAAAEjMOkCCCy9BAACgQGSdLUBFzCxBAACgwEjMOkCCCy9BAACgwAAAvjUQP2KEU78AAAAASMw6QIILL0EAAKBAZJ0tQEXMLEEAAKBAZJ0tQEXMLEEAAKDAAADtkho/4BBMvwAAAABJhEdAF3QxQQAAoEBIzDpAggsvQQAAoMBJhEdAF3QxQQAAoMAAAO2SGj/gEEy/AAAAAEmER0AXdDFBAACgQEjMOkCCCy9BAACgQEjMOkCCCy9BAACgwAAAu40kP30bRL8AAAAATr1TQHsENEEAAKBASYRHQBd0MUEAAKDATr1TQHsENEEAAKDAAAC7jSQ/fRtEvwAAAABOvVNAewQ0QQAAoEBJhEdAF3QxQQAAoEBJhEdAF3QxQQAAoMAAAM0fLj9KqTu/AAAAAI9vX0AMuzZBAACgQE69U0B7BDRBAACgwI9vX0AMuzZBAACgwAAAzR8uP0qpO78AAAAAj29fQAy7NkEAAKBATr1TQHsENEEAAKBATr1TQHsENEEAAKDAAAANQzc/pr8yvwAAAACck2pAEJY5QQAAoECPb19ADLs2QQAAoMCck2pAEJY5QQAAoMAAAA1DNz+mvzK/AAAAAJyTakAQljlBAACgQI9vX0AMuzZBAACgQI9vX0AMuzZBAACgwAAAqfE/Pz5kKb8AAAAAXCJ1QLaTPEEAAKBAnJNqQBCWOUEAAKBAnJNqQBCWOUEAAKDAAACp8T8/PmQpvwAAAABcInVAtpM8QQAAoECck2pAEJY5QQAAoMBcInVAtpM8QQAAoMAAABwmSD8HnR+/AAAAABgVf0AWsj9BAACgQFwidUC2kzxBAACgQFwidUC2kzxBAACgwAAAHCZIPwedH78AAAAAGBV/QBayP0EAAKBAXCJ1QLaTPEEAAKDAGBV/QBayP0EAAKDAAAAr208/OnAVvwAAAAC9MoRANe9CQQAAoEAYFX9AFrI/QQAAoEAYFX9AFrI/QQAAoMAAACvbTz86cBW/AAAAAL0yhEA170JBAACgQBgVf0AWsj9BAACgwL0yhEA170JBAACgwAAA8AtXP1DkCr8AAAAAy4aIQAJJRkEAAKBAvTKEQDXvQkEAAKBAvTKEQDXvQkEAAKDAAADwC1c/UOQKvwAAAADLhohAAklGQQAAoEC9MoRANe9CQQAAoMDLhohAAklGQQAAoMAAANezXT8AAAC/AAAAAPWDjEBcvUlBAACgQMuGiEACSUZBAACgQMuGiEACSUZBAACgwAAA17NdPwAAAL8AAAAA9YOMQFy9SUEAAKBAy4aIQAJJRkEAAKDA9YOMQFy9SUEAAKDAAACkzmM/cZTpvgAAAACvJ5BAEEpNQQAAoED1g4xAXL1JQQAAoED1g4xAXL1JQQAAoMAAAKTOYz9xlOm+AAAAAK8nkEAQSk1BAACgQPWDjEBcvUlBAACgwK8nkEAQSk1BAACgwAAAc1hpPzmU0r4AAAAAqm+TQNvsUEEAAKBAryeQQBBKTUEAAKBAryeQQBBKTUEAAKDAAABzWGk/OZTSvgAAAACqb5NA2+xQQQAAoECvJ5BAEEpNQQAAoMCqb5NA2+xQQQAAoMAAAL5Nbj/7Dbu+AAAAAM9ZlkBto1RBAACgQKpvk0Db7FBBAACgQKpvk0Db7FBBAACgwAAAvk1uP/sNu74AAAAAz1mWQG2jVEEAAKBAqm+TQNvsUEEAAKDAz1mWQG2jVEEAAKDAAABeq3I/rxCjvgAAAADPWZZAbaNUQQAAoEDPWZZAbaNUQQAAoMBD5JhAamtYQQAAoMAAAF6rcj+vEKO+AAAAAEPkmEBqa1hBAACgQM9ZlkBto1RBAACgQEPkmEBqa1hBAACgwAAAi252P5qrir4AAAAAaA2bQGlCXEEAAKBAQ+SYQGprWEEAAKBAQ+SYQGprWEEAAKDAAACLbnY/mquKvgAAAABoDZtAaUJcQQAAoEBD5JhAamtYQQAAoMBoDZtAaUJcQQAAoMAAAOCUeT+H3GO+AAAAAN3TnED4JWBBAACgQGgNm0BpQlxBAACgQGgNm0BpQlxBAACgwAAA4JR5P4fcY74AAAAA3dOcQPglYEEAAKBAaA2bQGlCXEEAAKDA3dOcQPglYEEAAKDAAABcHHw/1NAxvgAAAACDNp5AnRNkQQAAoEDd05xA+CVgQQAAoEDd05xA+CVgQQAAoMAAAFwcfD/U0DG+AAAAAIM2nkCdE2RBAACgQN3TnED4JWBBAACgwIM2nkCdE2RBAACgwAAAYwN+P+qn/r0AAAAAdjSfQNoIaEEAAKBAgzaeQJ0TZEEAAKBAgzaeQJ0TZEEAAKDAAABjA34/6qf+vQAAAAB2NJ9A2ghoQQAAoECDNp5AnRNkQQAAoMB2NJ9A2ghoQQAAoMAAAMBIfz8XDJm9AAAAABXNn0AoA2xBAACgQHY0n0DaCGhBAACgwBXNn0AoA2xBAACgwAAAwEh/PxcMmb0AAAAAFc2fQCgDbEEAAKBAdjSfQNoIaEEAAKBAdjSfQNoIaEEAAKDAAACh638/czvMvAAAAAAAAKBAAABwQQAAoEAVzZ9AKANsQQAAoMAAAKBAAABwQQAAoMAAAKHrfz9zO8y8AAAAAAAAoEAAAHBBAACgQBXNn0AoA2xBAACgQBXNn0AoA2xBAACgwAAAAAAAAAAAAAAAAIA/SYRHwBd0MUEAAKBAj29fwAy7NkEAAKBATr1TwHsENEEAAKBAAAAAAAAAAAAAAAAAgD+9MoTANe9CQQAAoECPb1/ADLs2QQAAoEBJhEfAF3QxQQAAoEAAAAAAAAAAAAAAAACAP70yhMA170JBAACgQBgVf8AWsj9BAACgQFwidcC2kzxBAACgQAAAAAAAAAAAAAAAAIA/vTKEwDXvQkEAAKBAXCJ1wLaTPEEAAKBAnJNqwBCWOUEAAKBAAAAAAAAAAAAAAAAAgD+9MoTANe9CQQAAoECck2rAEJY5QQAAoECPb1/ADLs2QQAAoEAAAAAAAAAAAAAAAACAP2SdLcBFzCxBAACgQEmER8AXdDFBAACgQEjMOsCCCy9BAACgQAAAAAAAAAAAAAAAAIA/y4aIwAJJRkEAAKBAvTKEwDXvQkEAAKBASYRHwBd0MUEAAKBAAAAAAAAAAAAAAAAAgD+vJ5DAEEpNQQAAoED1g4zAXL1JQQAAoEDLhojAAklGQQAAoEAAAAAAAAAAAAAAAACAP6ScA8BcFCdBAACgQGSdLcBFzCxBAACgQAAAIMDNtypBAACgQAAAAAAAAAAAAAAAAIA/pJwDwFwUJ0EAAKBAAAAgwM23KkEAAKBAx/wRwG3PKEEAAKBAAAAAAAAAAAAAAAAAgD/PWZbAbaNUQQAAoECvJ5DAEEpNQQAAoEDLhojAAklGQQAAoEAAAAAAAAAAAAAAAACAP89ZlsBto1RBAACgQKpvk8Db7FBBAACgQK8nkMAQSk1BAACgQAAAAAAAAAAAAAAAAIA/gVatv3X9IkEAAKBApJwDwFwUJ0EAAKBAedHpv7WHJUEAAKBAAAAAAAAAAAAAAAAAgD+BVq2/df0iQQAAoEB50em/tYclQQAAoEDa1Mu/cyokQQAAoEAAAAAAAAAAAAAAAACAP2gNm8BpQlxBAACgQEPkmMBqa1hBAACgQM9ZlsBto1RBAACgQAAAAAAAAAAAAAAAAIA/CUVevyM3IUEAAKBAZJ0twEXMLEEAAKBApJwDwFwUJ0EAAKBAAAAAAAAAAAAAAAAAgD8JRV6/IzchQQAAoECknAPAXBQnQQAAoECBVq2/df0iQQAAoEAAAAAAAAAAAAAAAACAPwlFXr8jNyFBAACgQIFWrb91/SJBAACgQNRpjr96ASJBAACgQAAAAAAAAAAAAAAAAIA/gzaewJ0TZEEAAKBAz1mWwG2jVEEAAKBAy4aIwAJJRkEAAKBAAAAAAAAAAAAAAAAAgD+DNp7AnRNkQQAAoEDd05zA+CVgQQAAoEBoDZvAaUJcQQAAoEAAAAAAAAAAAAAAAACAP4M2nsCdE2RBAACgQGgNm8BpQlxBAACgQM9ZlsBto1RBAACgQAAAAAAAAAAAAAAAAIA/HU+/vkQ5IEEAAKBACUVevyM3IUEAAKBA8igfv/GeIEEAAKBAAAAAAAAAAAAAAAAAgD8VzZ/AKANsQQAAoEB2NJ/A2ghoQQAAoECDNp7AnRNkQQAAoEAAAAAAAAAAAAAAAACAP1BK/71eBiBBAACgQGSdLcBFzCxBAACgQAlFXr8jNyFBAACgQAAAAAAAAAAAAAAAAIA/UEr/vV4GIEEAAKBACUVevyM3IUEAAKBAHU+/vkQ5IEEAAKBAAAAAAAAAAAAAAAAAgD8VzZ/A2PxzQQAAoEAAAKDAAABwQQAAoEAVzZ/AKANsQQAAoEAAAAAAAAAAAAAAAACAPwlFXj8jNyFBAACgQFBK/71eBiBBAACgQFBK/z1eBiBBAACgQAAAAAAAAAAAAAAAAIA/CUVePyM3IUEAAKBAUEr/PV4GIEEAAKBAHU+/PkQ5IEEAAKBAAAAAAAAAAAAAAAAAgD8JRV4/IzchQQAAoEAdT78+RDkgQQAAoEDyKB8/8Z4gQQAAoEAAAAAAAAAAAAAAAACAP9Rpjj96ASJBAACgQFBK/71eBiBBAACgQAlFXj8jNyFBAACgQAAAAAAAAAAAAAAAAIA/aA2bwMzegUEAAKBASYRHwBd0MUEAAKBAZJ0twEXMLEEAAKBAAAAAAAAAAAAAAAAAgD9oDZvAzN6BQQAAoEDLhojAAklGQQAAoEBJhEfAF3QxQQAAoEAAAAAAAAAAAAAAAACAP2gNm8DM3oFBAACgQN3TnMAI2n9BAACgQIM2nsBj7HtBAACgQAAAAAAAAAAAAAAAAIA/aA2bwMzegUEAAKBAgzaewGPse0EAAKBAdjSfwCb3d0EAAKBAAAAAAAAAAAAAAAAAgD9oDZvAzN6BQQAAoEB2NJ/AJvd3QQAAoEAVzZ/A2PxzQQAAoEAAAAAAAAAAAAAAAACAP2gNm8DM3oFBAACgQBXNn8DY/HNBAACgQBXNn8AoA2xBAACgQAAAAAAAAAAAAAAAAIA/aA2bwMzegUEAAKBAgzaewJ0TZEEAAKBAy4aIwAJJRkEAAKBAAAAAAAAAAAAAAAAAgD9oDZvAzN6BQQAAoEAVzZ/AKANsQQAAoECDNp7AnRNkQQAAoEAAAAAAAAAAAAAAAACAP3nR6T+1hyVBAACgQIFWrT91/SJBAACgQNrUyz9zKiRBAACgQAAAAAAAAAAAAAAAAIA/edHpP7WHJUEAAKBA1GmOP3oBIkEAAKBAgVatP3X9IkEAAKBAAAAAAAAAAAAAAAAAgD8AACBAzbcqQQAAoEB50ek/tYclQQAAoECknANAXBQnQQAAoEAAAAAAAAAAAAAAAACAPwAAIEDNtypBAACgQKScA0BcFCdBAACgQMf8EUBtzyhBAACgQAAAAAAAAAAAAAAAAIA/AAAgQM23KkEAAKBA1GmOP3oBIkEAAKBAedHpP7WHJUEAAKBAAAAAAAAAAAAAAAAAgD/LhojAf9uMQQAAoED1g4zAUiGLQQAAoECvJ5DA+FqJQQAAoEAAAAAAAAAAAAAAAACAP8uGiMB/24xBAACgQK8nkMD4WolBAACgQKpvk8CTiYdBAACgQAAAAAAAAAAAAAAAAIA/y4aIwH/bjEEAAKBAqm+TwJOJh0EAAKBAz1mWwEmuhUEAAKBAAAAAAAAAAAAAAAAAgD9knS1ARcwsQQAAoEBoDZvAzN6BQQAAoEBknS3ARcwsQQAAoEAAAAAAAAAAAAAAAACAP2SdLUBFzCxBAACgQFBK/71eBiBBAACgQNRpjj96ASJBAACgQAAAAAAAAAAAAAAAAIA/ZJ0tQEXMLEEAAKBA1GmOP3oBIkEAAKBAAAAgQM23KkEAAKBAAAAAAAAAAAAAAAAAgD9knS1ARcwsQQAAoEBD5JjAS8qDQQAAoEBoDZvAzN6BQQAAoEAAAAAAAAAAAAAAAACAP2SdLUBFzCxBAACgQGSdLcBFzCxBAACgQFBK/71eBiBBAACgQAAAAAAAAAAAAAAAAIA/SYRHQBd0MUEAAKBAZJ0tQEXMLEEAAKBASMw6QIILL0EAAKBAAAAAAAAAAAAAAAAAgD9JhEdAF3QxQQAAoEBD5JjAS8qDQQAAoEBknS1ARcwsQQAAoEAAAAAAAAAAAAAAAACAP1widcAltpFBAACgQBgVf8D1JpBBAACgQL0yhMBmiI5BAACgQAAAAAAAAAAAAAAAAIA/XCJ1wCW2kUEAAKBAvTKEwGaIjkEAAKBAy4aIwH/bjEEAAKBAAAAAAAAAAAAAAAAAgD+ck2pAEJY5QQAAoEBOvVNAewQ0QQAAoECPb19ADLs2QQAAoEAAAAAAAAAAAAAAAACAP1widUC2kzxBAACgQEmER0AXdDFBAACgQE69U0B7BDRBAACgQAAAAAAAAAAAAAAAAIA/XCJ1QLaTPEEAAKBATr1TQHsENEEAAKBAnJNqQBCWOUEAAKBAAAAAAAAAAAAAAAAAgD9IzDrAP3qYQQAAoEBJhEfA9EWXQQAAoEBOvVPAwv2VQQAAoEAAAAAAAAAAAAAAAACAP0jMOsA/ephBAACgQE69U8DC/ZVBAACgQI9vX8B6opRBAACgQAAAAAAAAAAAAAAAAIA/y4aIQAJJRkEAAKBAXCJ1QLaTPEEAAKBAGBV/QBayP0EAAKBAAAAAAAAAAAAAAAAAgD/LhohAAklGQQAAoEAYFX9AFrI/QQAAoEC9MoRANe9CQQAAoEAAAAAAAAAAAAAAAACAP8uGiEACSUZBAACgQEPkmMBLyoNBAACgQEmER0AXdDFBAACgQAAAAAAAAAAAAAAAAIA/y4aIQAJJRkEAAKBASYRHQBd0MUEAAKBAXCJ1QLaTPEEAAKBAAAAAAAAAAAAAAAAAgD/LhohAAklGQQAAoEDPWZbASa6FQQAAoEBD5JjAS8qDQQAAoEAAAAAAAAAAAAAAAACAPwAAIMAapJpBAACgQGSdLcDemZlBAACgQEjMOsA/ephBAACgQAAAAAAAAAAAAAAAAIA/ryeQQBBKTUEAAKBAy4aIQAJJRkEAAKBA9YOMQFy9SUEAAKBAAAAAAAAAAAAAAAAAgD+knAPA0nWcQQAAoEBIzDrAP3qYQQAAoECPb1/AeqKUQQAAoEAAAAAAAAAAAAAAAACAP6ScA8DSdZxBAACgQMf8EcBKmJtBAACgQAAAIMAapJpBAACgQAAAAAAAAAAAAAAAAIA/pJwDwNJ1nEEAAKBAj29fwHqilEEAAKBAnJNqwPg0k0EAAKBAAAAAAAAAAAAAAAAAgD+knAPA0nWcQQAAoECck2rA+DSTQQAAoEBcInXAJbaRQQAAoEAAAAAAAAAAAAAAAACAP6ScA8DSdZxBAACgQAAAIMAapJpBAACgQEjMOsA/ephBAACgQAAAAAAAAAAAAAAAAIA/qm+TQNvsUEEAAKBAy4aIQAJJRkEAAKBAryeQQBBKTUEAAKBAAAAAAAAAAAAAAAAAgD950em/JjydQQAAoECknAPA0nWcQQAAoEBcInXAJbaRQQAAoEAAAAAAAAAAAAAAAACAP2gNm0BpQlxBAACgQM9ZlkBto1RBAACgQEPkmEBqa1hBAACgQAAAAAAAAAAAAAAAAIA/1GmOv0P/nkEAAKBAgVatv0aBnkEAAKBA2tTLv8fqnUEAAKBAAAAAAAAAAAAAAAAAgD/yKB+/iLCfQQAAoEAJRV6/bmSfQQAAoEDUaY6/Q/+eQQAAoEAAAAAAAAAAAAAAAACAP/IoH7+IsJ9BAACgQNrUy7/H6p1BAACgQHnR6b8mPJ1BAACgQAAAAAAAAAAAAAAAAIA/8igfv4iwn0EAAKBA1GmOv0P/nkEAAKBA2tTLv8fqnUEAAKBAAAAAAAAAAAAAAAAAgD8VzZ9AKANsQQAAoEDd05xA+CVgQQAAoECDNp5AnRNkQQAAoEAAAAAAAAAAAAAAAACAPxXNn0AoA2xBAACgQIM2nkCdE2RBAACgQHY0n0DaCGhBAACgQAAAAAAAAAAAAAAAAIA/UEr/vdH8n0EAAKBA8igfv4iwn0EAAKBAedHpvyY8nUEAAKBAAAAAAAAAAAAAAAAAgD9QSv+90fyfQQAAoEAdT7++XuOfQQAAoEDyKB+/iLCfQQAAoEAAAAAAAAAAAAAAAACAPwAAoEAAAHBBAACgQN3TnED4JWBBAACgQBXNn0AoA2xBAACgQAAAAAAAAAAAAAAAAIA/AACgQAAAcEEAAKBAqm+TQNvsUEEAAKBAz1mWQG2jVEEAAKBAAAAAAAAAAAAAAAAAgD8AAKBAAABwQQAAoEBoDZtAaUJcQQAAoEDd05xA+CVgQQAAoEAAAAAAAAAAAAAAAACAPwAAoEAAAHBBAACgQM9ZlkBto1RBAACgQGgNm0BpQlxBAACgQAAAAAAAAAAAAAAAAIA/Fc2fQNj8c0EAAKBAqm+TQNvsUEEAAKBAAACgQAAAcEEAAKBAAAAAAAAAAAAAAAAAgD+DNp5AY+x7QQAAoECqb5NA2+xQQQAAoEAVzZ9A2PxzQQAAoEAAAAAAAAAAAAAAAACAP4M2nkBj7HtBAACgQBXNn0DY/HNBAACgQHY0n0Am93dBAACgQAAAAAAAAAAAAAAAAIA/CUVeP25kn0EAAKBA8igfP4iwn0EAAKBAHU+/Pl7jn0EAAKBAAAAAAAAAAAAAAAAAgD8JRV4/bmSfQQAAoEAdT78+XuOfQQAAoEBQSv890fyfQQAAoEAAAAAAAAAAAAAAAACAP2gNm0DM3oFBAACgQIM2nkBj7HtBAACgQN3TnEAI2n9BAACgQAAAAAAAAAAAAAAAAIA/2tTLP8fqnUEAAKBAgVatP0aBnkEAAKBA1GmOP0P/nkEAAKBAAAAAAAAAAAAAAAAAgD/a1Ms/x+qdQQAAoEDUaY4/Q/+eQQAAoEAJRV4/bmSfQQAAoEAAAAAAAAAAAAAAAACAP9rUyz/H6p1BAACgQAlFXj9uZJ9BAACgQFBK/z3R/J9BAACgQAAAAAAAAAAAAAAAAIA/2tTLP8fqnUEAAKBAUEr/PdH8n0EAAKBAUEr/vdH8n0EAAKBAAAAAAAAAAAAAAAAAgD/a1Ms/x+qdQQAAoEB50em/JjydQQAAoEBcInXAJbaRQQAAoEAAAAAAAAAAAAAAAACAP9rUyz/H6p1BAACgQFBK/73R/J9BAACgQHnR6b8mPJ1BAACgQAAAAAAAAAAAAAAAAIA/z1mWQEmuhUEAAKBAaA2bQMzegUEAAKBAQ+SYQEvKg0EAAKBAAAAAAAAAAAAAAAAAgD/PWZZASa6FQQAAoECqb5NA2+xQQQAAoECDNp5AY+x7QQAAoEAAAAAAAAAAAAAAAACAP89ZlkBJroVBAACgQIM2nkBj7HtBAACgQGgNm0DM3oFBAACgQAAAAAAAAAAAAAAAAIA/z1mWQEmuhUEAAKBAy4aIQAJJRkEAAKBAqm+TQNvsUEEAAKBAAAAAAAAAAAAAAAAAgD+knANA0nWcQQAAoEB50ek/JjydQQAAoEDa1Ms/x+qdQQAAoEAAAAAAAAAAAAAAAACAP/WDjEBSIYtBAACgQKpvk0CTiYdBAACgQK8nkED4WolBAACgQAAAAAAAAAAAAAAAAIA/y4aIQH/bjEEAAKBAqm+TQJOJh0EAAKBA9YOMQFIhi0EAAKBAAAAAAAAAAAAAAAAAgD9knS1A3pmZQQAAoEAAACBAGqSaQQAAoEDH/BFASpibQQAAoEAAAAAAAAAAAAAAAACAP2SdLUDemZlBAACgQMf8EUBKmJtBAACgQKScA0DSdZxBAACgQAAAAAAAAAAAAAAAAIA/ZJ0tQN6ZmUEAAKBApJwDQNJ1nEEAAKBA2tTLP8fqnUEAAKBAAAAAAAAAAAAAAAAAgD+9MoRAZoiOQQAAoECqb5NAk4mHQQAAoEDLhohAf9uMQQAAoEAAAAAAAAAAAAAAAACAP0mER0D0RZdBAACgQM9ZlkBJroVBAACgQKpvk0CTiYdBAACgQAAAAAAAAAAAAAAAAIA/SYRHQPRFl0EAAKBASMw6QD96mEEAAKBAZJ0tQN6ZmUEAAKBAAAAAAAAAAAAAAAAAgD9JhEdA9EWXQQAAoEDLhojAf9uMQQAAoEDPWZbASa6FQQAAoEAAAAAAAAAAAAAAAACAP0mER0D0RZdBAACgQGSdLUDemZlBAACgQNrUyz/H6p1BAACgQAAAAAAAAAAAAAAAAIA/SYRHQPRFl0EAAKBAy4aIQAJJRkEAAKBAz1mWQEmuhUEAAKBAAAAAAAAAAAAAAAAAgD9JhEdA9EWXQQAAoEBcInXAJbaRQQAAoEDLhojAf9uMQQAAoEAAAAAAAAAAAAAAAACAP0mER0D0RZdBAACgQM9ZlsBJroVBAACgQMuGiEACSUZBAACgQAAAAAAAAAAAAAAAAIA/SYRHQPRFl0EAAKBA2tTLP8fqnUEAAKBAXCJ1wCW2kUEAAKBAAAAAAAAAAAAAAAAAgD9cInVAJbaRQQAAoEC9MoRAZoiOQQAAoEAYFX9A9SaQQQAAoEAAAAAAAAAAAAAAAACAP1widUAltpFBAACgQKpvk0CTiYdBAACgQL0yhEBmiI5BAACgQAAAAAAAAAAAAAAAAIA/nJNqQPg0k0EAAKBAqm+TQJOJh0EAAKBAXCJ1QCW2kUEAAKBAAAAAAAAAAAAAAAAAgD+Pb19AeqKUQQAAoEBOvVNAwv2VQQAAoEBJhEdA9EWXQQAAoEAAAAAAAAAAAAAAAACAP49vX0B6opRBAACgQEmER0D0RZdBAACgQKpvk0CTiYdBAACgQAAAAAAAAAAAAAAAAIA/j29fQHqilEEAAKBAqm+TQJOJh0EAAKBAnJNqQPg0k0EAAKBAAAAAAAAAAAAAAAAAgL9JhEfAF3QxQQAAoMBOvVPAewQ0QQAAoMCPb1/ADLs2QQAAoMAAAAAAAAAAAAAAAACAv70yhMA170JBAACgwEmER8AXdDFBAACgwI9vX8AMuzZBAACgwAAAAAAAAAAAAAAAAIC/vTKEwDXvQkEAAKDAXCJ1wLaTPEEAAKDAGBV/wBayP0EAAKDAAAAAAAAAAAAAAAAAgL+9MoTANe9CQQAAoMCck2rAEJY5QQAAoMBcInXAtpM8QQAAoMAAAAAAAAAAAAAAAACAv70yhMA170JBAACgwI9vX8AMuzZBAACgwJyTasAQljlBAACgwAAAAAAAAAAAAAAAAIC/ZJ0twEXMLEEAAKDASMw6wIILL0EAAKDASYRHwBd0MUEAAKDAAAAAAAAAAAAAAAAAgL/LhojAAklGQQAAoMBJhEfAF3QxQQAAoMC9MoTANe9CQQAAoMAAAAAAAAAAAAAAAACAv68nkMAQSk1BAACgwMuGiMACSUZBAACgwPWDjMBcvUlBAACgwAAAAAAAAAAAAAAAAIC/pJwDwFwUJ0EAAKDAAAAgwM23KkEAAKDAZJ0twEXMLEEAAKDAAAAAAAAAAAAAAAAAgL+knAPAXBQnQQAAoMDH/BHAbc8oQQAAoMAAACDAzbcqQQAAoMAAAAAAAAAAAAAAAACAv89ZlsBto1RBAACgwMuGiMACSUZBAACgwK8nkMAQSk1BAACgwAAAAAAAAAAAAAAAAIC/z1mWwG2jVEEAAKDAryeQwBBKTUEAAKDAqm+TwNvsUEEAAKDAAAAAAAAAAAAAAAAAgL+BVq2/df0iQQAAoMB50em/tYclQQAAoMCknAPAXBQnQQAAoMAAAAAAAAAAAAAAAACAv4FWrb91/SJBAACgwNrUy79zKiRBAACgwHnR6b+1hyVBAACgwAAAAAAAAAAAAAAAAIC/aA2bwGlCXEEAAKDAz1mWwG2jVEEAAKDAQ+SYwGprWEEAAKDAAAAAAAAAAAAAAAAAgL8JRV6/IzchQQAAoMCknAPAXBQnQQAAoMBknS3ARcwsQQAAoMAAAAAAAAAAAAAAAACAvwlFXr8jNyFBAACgwIFWrb91/SJBAACgwKScA8BcFCdBAACgwAAAAAAAAAAAAAAAAIC/CUVevyM3IUEAAKDA1GmOv3oBIkEAAKDAgVatv3X9IkEAAKDAAAAAAAAAAAAAAAAAgL+DNp7AnRNkQQAAoMDLhojAAklGQQAAoMDPWZbAbaNUQQAAoMAAAAAAAAAAAAAAAACAv4M2nsCdE2RBAACgwGgNm8BpQlxBAACgwN3TnMD4JWBBAACgwAAAAAAAAAAAAAAAAIC/gzaewJ0TZEEAAKDAz1mWwG2jVEEAAKDAaA2bwGlCXEEAAKDAAAAAAAAAAAAAAAAAgL8dT7++RDkgQQAAoMDyKB+/8Z4gQQAAoMAJRV6/IzchQQAAoMAAAAAAAAAAAAAAAACAvxXNn8AoA2xBAACgwIM2nsCdE2RBAACgwHY0n8DaCGhBAACgwAAAAAAAAAAAAAAAAIC/UEr/vV4GIEEAAKDACUVevyM3IUEAAKDAZJ0twEXMLEEAAKDAAAAAAAAAAAAAAAAAgL9QSv+9XgYgQQAAoMAdT7++RDkgQQAAoMAJRV6/IzchQQAAoMAAAAAAAAAAAACAAACAvxXNn8DY/HNBAACgwBXNn8AoA2xBAACgwAAAoMAAAHBBAACgwAAAAAAAAAAAAAAAAIC/CUVePyM3IUEAAKDAUEr/PV4GIEEAAKDAUEr/vV4GIEEAAKDAAAAAAAAAAAAAAAAAgL8JRV4/IzchQQAAoMAdT78+RDkgQQAAoMBQSv89XgYgQQAAoMAAAAAAAAAAAAAAAACAvwlFXj8jNyFBAACgwPIoHz/xniBBAACgwB1Pvz5EOSBBAACgwAAAAAAAAAAAAAAAAIC/1GmOP3oBIkEAAKDACUVePyM3IUEAAKDAUEr/vV4GIEEAAKDAAAAAAAAAAAAAAAAAgL9oDZvAzN6BQQAAoMBknS3ARcwsQQAAoMBJhEfAF3QxQQAAoMAAAAAAAAAAAAAAAACAv2gNm8DM3oFBAACgwEmER8AXdDFBAACgwMuGiMACSUZBAACgwAAAAAAAAAAAAAAAAIC/aA2bwMzegUEAAKDAgzaewGPse0EAAKDA3dOcwAjaf0EAAKDAAAAAAAAAAAAAAAAAgL9oDZvAzN6BQQAAoMB2NJ/AJvd3QQAAoMCDNp7AY+x7QQAAoMAAAAAAAAAAAAAAAACAv2gNm8DM3oFBAACgwBXNn8DY/HNBAACgwHY0n8Am93dBAACgwAAAAAAAAAAAAAAAAIC/aA2bwMzegUEAAKDAFc2fwCgDbEEAAKDAFc2fwNj8c0EAAKDAAAAAAAAAAAAAgAAAgL9oDZvAzN6BQQAAoMDLhojAAklGQQAAoMCDNp7AnRNkQQAAoMAAAAAAAAAAAAAAAACAv2gNm8DM3oFBAACgwIM2nsCdE2RBAACgwBXNn8AoA2xBAACgwAAAAAAAAAAAAAAAAIC/edHpP7WHJUEAAKDA2tTLP3MqJEEAAKDAgVatP3X9IkEAAKDAAAAAAAAAAAAAAAAAgL950ek/tYclQQAAoMCBVq0/df0iQQAAoMDUaY4/egEiQQAAoMAAAAAAAAAAAAAAAACAvwAAIEDNtypBAACgwKScA0BcFCdBAACgwHnR6T+1hyVBAACgwAAAAAAAAAAAAAAAAIC/AAAgQM23KkEAAKDAx/wRQG3PKEEAAKDApJwDQFwUJ0EAAKDAAAAAAAAAAAAAAAAAgL8AACBAzbcqQQAAoMB50ek/tYclQQAAoMDUaY4/egEiQQAAoMAAAAAAAAAAAAAAAACAv8uGiMB/24xBAACgwK8nkMD4WolBAACgwPWDjMBSIYtBAACgwAAAAAAAAAAAAAAAAIC/y4aIwH/bjEEAAKDAqm+TwJOJh0EAAKDAryeQwPhaiUEAAKDAAAAAAAAAAAAAAAAAgL/LhojAf9uMQQAAoMDPWZbASa6FQQAAoMCqb5PAk4mHQQAAoMAAAAAAAIAAAAAAAACAv2SdLUBFzCxBAACgwGSdLcBFzCxBAACgwGgNm8DM3oFBAACgwAAAAAAAAAAAAAAAAIC/ZJ0tQEXMLEEAAKDA1GmOP3oBIkEAAKDAUEr/vV4GIEEAAKDAAAAAAAAAAAAAAAAAgL9knS1ARcwsQQAAoMAAACBAzbcqQQAAoMDUaY4/egEiQQAAoMAAAAAAAAAAAAAAAACAv2SdLUBFzCxBAACgwGgNm8DM3oFBAACgwEPkmMBLyoNBAACgwAAAAAAAAAAAAAAAAIC/ZJ0tQEXMLEEAAKDAUEr/vV4GIEEAAKDAZJ0twEXMLEEAAKDAAAAAAAAAAAAAAAAAgL9JhEdAF3QxQQAAoMBIzDpAggsvQQAAoMBknS1ARcwsQQAAoMAAAAAAAIAAAAAAAACAv0mER0AXdDFBAACgwGSdLUBFzCxBAACgwEPkmMBLyoNBAACgwAAAAAAAAAAAAAAAAIC/XCJ1wCW2kUEAAKDAvTKEwGaIjkEAAKDAGBV/wPUmkEEAAKDAAAAAAAAAAAAAAAAAgL9cInXAJbaRQQAAoMDLhojAf9uMQQAAoMC9MoTAZoiOQQAAoMAAAAAAAAAAAAAAAACAv5yTakAQljlBAACgwI9vX0AMuzZBAACgwE69U0B7BDRBAACgwAAAAAAAAAAAAAAAAIC/XCJ1QLaTPEEAAKDATr1TQHsENEEAAKDASYRHQBd0MUEAAKDAAAAAAAAAAAAAAAAAgL9cInVAtpM8QQAAoMCck2pAEJY5QQAAoMBOvVNAewQ0QQAAoMAAAAAAAAAAAAAAAACAv0jMOsA/ephBAACgwE69U8DC/ZVBAACgwEmER8D0RZdBAACgwAAAAAAAAAAAAAAAAIC/SMw6wD96mEEAAKDAj29fwHqilEEAAKDATr1TwML9lUEAAKDAAAAAAAAAAAAAAAAAgL/LhohAAklGQQAAoMAYFX9AFrI/QQAAoMBcInVAtpM8QQAAoMAAAAAAAAAAAAAAAACAv8uGiEACSUZBAACgwL0yhEA170JBAACgwBgVf0AWsj9BAACgwAAAAAAAgAAAAAAAAIC/y4aIQAJJRkEAAKDASYRHQBd0MUEAAKDAQ+SYwEvKg0EAAKDAAAAAAAAAAAAAAAAAgL/LhohAAklGQQAAoMBcInVAtpM8QQAAoMBJhEdAF3QxQQAAoMAAAAAAAAAAAAAAAACAv8uGiEACSUZBAACgwEPkmMBLyoNBAACgwM9ZlsBJroVBAACgwAAAAAAAAAAAAAAAAIC/AAAgwBqkmkEAAKDASMw6wD96mEEAAKDAZJ0twN6ZmUEAAKDAAAAAAAAAAAAAAAAAgL+vJ5BAEEpNQQAAoMD1g4xAXL1JQQAAoMDLhohAAklGQQAAoMAAAAAAAAAAAAAAAACAv6ScA8DSdZxBAACgwI9vX8B6opRBAACgwEjMOsA/ephBAACgwAAAAAAAAAAAAAAAAIC/pJwDwNJ1nEEAAKDAAAAgwBqkmkEAAKDAx/wRwEqYm0EAAKDAAAAAAAAAAAAAAAAAgL+knAPA0nWcQQAAoMCck2rA+DSTQQAAoMCPb1/AeqKUQQAAoMAAAAAAAAAAAAAAAACAv6ScA8DSdZxBAACgwFwidcAltpFBAACgwJyTasD4NJNBAACgwAAAAAAAAAAAAAAAAIC/pJwDwNJ1nEEAAKDASMw6wD96mEEAAKDAAAAgwBqkmkEAAKDAAAAAAAAAAAAAAAAAgL+qb5NA2+xQQQAAoMCvJ5BAEEpNQQAAoMDLhohAAklGQQAAoMAAAAAAAAAAAAAAAACAv3nR6b8mPJ1BAACgwFwidcAltpFBAACgwKScA8DSdZxBAACgwAAAAAAAAAAAAAAAAIC/aA2bQGlCXEEAAKDAQ+SYQGprWEEAAKDAz1mWQG2jVEEAAKDAAAAAAAAAAAAAAAAAgL/UaY6/Q/+eQQAAoMDa1Mu/x+qdQQAAoMCBVq2/RoGeQQAAoMAAAAAAAAAAAAAAAACAv/IoH7+IsJ9BAACgwNRpjr9D/55BAACgwAlFXr9uZJ9BAACgwAAAAAAAAAAAAAAAAIC/8igfv4iwn0EAAKDAedHpvyY8nUEAAKDA2tTLv8fqnUEAAKDAAAAAAAAAAAAAAAAAgL/yKB+/iLCfQQAAoMDa1Mu/x+qdQQAAoMDUaY6/Q/+eQQAAoMAAAAAAAAAAAAAAAACAvxXNn0AoA2xBAACgwIM2nkCdE2RBAACgwN3TnED4JWBBAACgwAAAAAAAAAAAAAAAAIC/Fc2fQCgDbEEAAKDAdjSfQNoIaEEAAKDAgzaeQJ0TZEEAAKDAAAAAAAAAAAAAAAAAgL9QSv+90fyfQQAAoMB50em/JjydQQAAoMDyKB+/iLCfQQAAoMAAAAAAAAAAAAAAAACAv1BK/73R/J9BAACgwPIoH7+IsJ9BAACgwB1Pv75e459BAACgwAAAAAAAAAAAAAAAAIC/AACgQAAAcEEAAKDAFc2fQCgDbEEAAKDA3dOcQPglYEEAAKDAAAAAAAAAAAAAAAAAgL8AAKBAAABwQQAAoMDPWZZAbaNUQQAAoMCqb5NA2+xQQQAAoMAAAAAAAAAAAAAAAACAvwAAoEAAAHBBAACgwN3TnED4JWBBAACgwGgNm0BpQlxBAACgwAAAAAAAAAAAAAAAAIC/AACgQAAAcEEAAKDAaA2bQGlCXEEAAKDAz1mWQG2jVEEAAKDAAAAAAAAAAAAAgAAAgL8VzZ9A2PxzQQAAoMAAAKBAAABwQQAAoMCqb5NA2+xQQQAAoMAAAAAAAAAAAACAAACAv4M2nkBj7HtBAACgwBXNn0DY/HNBAACgwKpvk0Db7FBBAACgwAAAAAAAAAAAAAAAAIC/gzaeQGPse0EAAKDAdjSfQCb3d0EAAKDAFc2fQNj8c0EAAKDAAAAAAAAAAAAAAAAAgL8JRV4/bmSfQQAAoMAdT78+XuOfQQAAoMDyKB8/iLCfQQAAoMAAAAAAAAAAAAAAAACAvwlFXj9uZJ9BAACgwFBK/z3R/J9BAACgwB1Pvz5e459BAACgwAAAAAAAAAAAAAAAAIC/aA2bQMzegUEAAKDA3dOcQAjaf0EAAKDAgzaeQGPse0EAAKDAAAAAAAAAAAAAAAAAgL/a1Ms/x+qdQQAAoMDUaY4/Q/+eQQAAoMCBVq0/RoGeQQAAoMAAAAAAAAAAAAAAAACAv9rUyz/H6p1BAACgwAlFXj9uZJ9BAACgwNRpjj9D/55BAACgwAAAAAAAAAAAAAAAAIC/2tTLP8fqnUEAAKDAUEr/PdH8n0EAAKDACUVeP25kn0EAAKDAAAAAAAAAAAAAAAAAgL/a1Ms/x+qdQQAAoMBQSv+90fyfQQAAoMBQSv890fyfQQAAoMAAAAAAAAAAAAAAAACAv9rUyz/H6p1BAACgwFwidcAltpFBAACgwHnR6b8mPJ1BAACgwAAAAAAAgAAAAAAAAIC/2tTLP8fqnUEAAKDAedHpvyY8nUEAAKDAUEr/vdH8n0EAAKDAAAAAAAAAAAAAAAAAgL/PWZZASa6FQQAAoMBD5JhAS8qDQQAAoMBoDZtAzN6BQQAAoMAAAAAAAAAAAACAAACAv89ZlkBJroVBAACgwIM2nkBj7HtBAACgwKpvk0Db7FBBAACgwAAAAAAAAAAAAAAAAIC/z1mWQEmuhUEAAKDAaA2bQMzegUEAAKDAgzaeQGPse0EAAKDAAAAAAAAAAAAAAAAAgL/PWZZASa6FQQAAoMCqb5NA2+xQQQAAoMDLhohAAklGQQAAoMAAAAAAAAAAAAAAAACAv6ScA0DSdZxBAACgwNrUyz/H6p1BAACgwHnR6T8mPJ1BAACgwAAAAAAAAAAAAAAAAIC/9YOMQFIhi0EAAKDAryeQQPhaiUEAAKDAqm+TQJOJh0EAAKDAAAAAAAAAAAAAAAAAgL/LhohAf9uMQQAAoMD1g4xAUiGLQQAAoMCqb5NAk4mHQQAAoMAAAAAAAAAAAAAAAACAv2SdLUDemZlBAACgwMf8EUBKmJtBAACgwAAAIEAapJpBAACgwAAAAAAAAAAAAAAAAIC/ZJ0tQN6ZmUEAAKDApJwDQNJ1nEEAAKDAx/wRQEqYm0EAAKDAAAAAAAAAAAAAAAAAgL9knS1A3pmZQQAAoMDa1Ms/x+qdQQAAoMCknANA0nWcQQAAoMAAAAAAAAAAAAAAAACAv70yhEBmiI5BAACgwMuGiEB/24xBAACgwKpvk0CTiYdBAACgwAAAAAAAAAAAAAAAAIC/SYRHQPRFl0EAAKDAqm+TQJOJh0EAAKDAz1mWQEmuhUEAAKDAAAAAAAAAAAAAAAAAgL9JhEdA9EWXQQAAoMBknS1A3pmZQQAAoMBIzDpAP3qYQQAAoMAAAAAAAAAAAAAAAACAv0mER0D0RZdBAACgwM9ZlsBJroVBAACgwMuGiMB/24xBAACgwAAAAAAAAAAAAAAAAIC/SYRHQPRFl0EAAKDA2tTLP8fqnUEAAKDAZJ0tQN6ZmUEAAKDAAAAAAAAAAAAAAAAAgL9JhEdA9EWXQQAAoMDPWZZASa6FQQAAoMDLhohAAklGQQAAoMAAAAAAAAAAAAAAAACAv0mER0D0RZdBAACgwMuGiMB/24xBAACgwFwidcAltpFBAACgwAAAAAAAAAAAAIAAAIC/SYRHQPRFl0EAAKDAy4aIQAJJRkEAAKDAz1mWwEmuhUEAAKDAAAAAAACAAAAAAAAAgL9JhEdA9EWXQQAAoMBcInXAJbaRQQAAoMDa1Ms/x+qdQQAAoMAAAAAAAAAAAAAAAACAv1widUAltpFBAACgwBgVf0D1JpBBAACgwL0yhEBmiI5BAACgwAAAAAAAAAAAAAAAAIC/XCJ1QCW2kUEAAKDAvTKEQGaIjkEAAKDAqm+TQJOJh0EAAKDAAAAAAAAAAAAAAAAAgL+ck2pA+DSTQQAAoMBcInVAJbaRQQAAoMCqb5NAk4mHQQAAoMAAAAAAAAAAAAAAAACAv49vX0B6opRBAACgwEmER0D0RZdBAACgwE69U0DC/ZVBAACgwAAAAAAAgAAAAIAAAIC/j29fQHqilEEAAKDAqm+TQJOJh0EAAKDASYRHQPRFl0EAAKDAAAAAAAAAAAAAAAAAgL+Pb19AeqKUQQAAoMCck2pA+DSTQQAAoMCqb5NAk4mHQQAAoMAAAA==&quot;), c => c.charCodeAt(0));
    const geometry = loader.parse(bytes.buffer);

    const material = new THREE.MeshNormalMaterial({flatShading: true});
    const mesh = new THREE.Mesh(geometry, material);
    scene.add(mesh);

    // Center the mesh
    geometry.computeBoundingBox();
    const center = new THREE.Vector3();
    geometry.boundingBox.getCenter(center);
    mesh.position.sub(center);

    // Dynamic camera distance
    const size = geometry.boundingBox.getSize(new THREE.Vector3()).length();
    camera.position.z = size * 2;

    // Lights
    const light = new THREE.DirectionalLight(0xffffff, 1);
    light.position.set(1, 1, 2);
    scene.add(light);

    const controls = new THREE.OrbitControls(camera, renderer.domElement);
    controls.update();

    function animate() {
        requestAnimationFrame(animate);
        controls.update();
        renderer.render(scene, camera);
    }
    animate();

    window.addEventListener('resize', () => {
        camera.aspect = window.innerWidth / window.innerHeight;
        camera.updateProjectionMatrix();
        renderer.setSize(window.innerWidth, window.innerHeight);
    });
    </script>
    </body>
    </html>
    "" style=""width:100%;height:480px;border:0;""></iframe>",2025-11-11 23:07:01.886214
Make a block 50×30×10 mm with a radius‑5 hole in the centre,.gradio/flagged/Download STEP/ac003cf450b70309f5bf/block_with_hole.step,"<iframe srcdoc=""
    <!DOCTYPE html>
    <html lang=&quot;en&quot;>
    <head>
    <meta charset=&quot;UTF-8&quot;>
    <title>BRep Preview</title>
    <style> body { margin: 0; } canvas { width: 100%; height: 100%; display: block; } </style>
    </head>
    <body>
    <script src=&quot;https://cdnjs.cloudflare.com/ajax/libs/three.js/r148/three.min.js&quot;></script>
    <script src=&quot;https://cdn.jsdelivr.net/npm/three@0.148.0/examples/js/loaders/STLLoader.js&quot;></script>
    <script src=&quot;https://cdn.jsdelivr.net/npm/three@0.148.0/examples/js/controls/OrbitControls.js&quot;></script>
    <script>
    const scene = new THREE.Scene();
    scene.background = new THREE.Color(0xf0f0f0);

    const camera = new THREE.PerspectiveCamera(75, window.innerWidth/window.innerHeight, 0.1, 1000);
    const renderer = new THREE.WebGLRenderer({antialias: true});
    renderer.setSize(window.innerWidth, window.innerHeight);
    document.body.appendChild(renderer.domElement);

    const loader = new THREE.STLLoader();
    const bytes = Uint8Array.from(atob(&quot;U1RMIEV4cG9ydGVkIGJ5IE9wZW4gQ0FTQ0FERSBUZWNobm9sb2d5IFtkZXYub3BlbmNhc2NhZGUub3JnXQAAAAAAAAAAAAAAAAAAAAAAAAD0AQAAoet/P3M7zDwAAAAAFc2fQNj8c0EAAKBAAACgQAAAcEEAAKBAAACgQAAAcEEAAKDAAACh638/czvMPAAAAAAVzZ9A2PxzQQAAoEAAAKBAAABwQQAAoMAVzZ9A2PxzQQAAoMAAAMBIfz8XDJk9AAAAAHY0n0Am93dBAACgQBXNn0DY/HNBAACgwHY0n0Am93dBAACgwAAAYwN+P+qn/j0AAAAAdjSfQCb3d0EAAKBAdjSfQCb3d0EAAKDAgzaeQGPse0EAAKDAAADASH8/FwyZPQAAAAB2NJ9AJvd3QQAAoEAVzZ9A2PxzQQAAoEAVzZ9A2PxzQQAAoMAAAGMDfj/qp/49AAAAAIM2nkBj7HtBAACgQHY0n0Am93dBAACgQIM2nkBj7HtBAACgwAAAXBx8P9TQMT4AAAAA3dOcQAjaf0EAAKBAgzaeQGPse0EAAKDA3dOcQAjaf0EAAKDAAADglHk/h9xjPgAAAADd05xACNp/QQAAoEDd05xACNp/QQAAoMBoDZtAzN6BQQAAoMAAAFwcfD/U0DE+AAAAAN3TnEAI2n9BAACgQIM2nkBj7HtBAACgQIM2nkBj7HtBAACgwAAA4JR5P4fcYz4AAAAAaA2bQMzegUEAAKBA3dOcQAjaf0EAAKBAaA2bQMzegUEAAKDAAACLbnY/mquKPgAAAABD5JhAS8qDQQAAoEBoDZtAzN6BQQAAoMBD5JhAS8qDQQAAoMAAAItudj+aq4o+AAAAAEPkmEBLyoNBAACgQGgNm0DM3oFBAACgQGgNm0DM3oFBAACgwAAAXqtyP68Qoz4AAAAAz1mWQEmuhUEAAKBAQ+SYQEvKg0EAAKDAz1mWQEmuhUEAAKDAAAC+TW4/+w27PgAAAADPWZZASa6FQQAAoEDPWZZASa6FQQAAoMCqb5NAk4mHQQAAoMAAAF6rcj+vEKM+AAAAAM9ZlkBJroVBAACgQEPkmEBLyoNBAACgQEPkmEBLyoNBAACgwAAAvk1uP/sNuz4AAAAAqm+TQJOJh0EAAKBAz1mWQEmuhUEAAKBAqm+TQJOJh0EAAKDAAABzWGk/OZTSPgAAAACvJ5BA+FqJQQAAoECqb5NAk4mHQQAAoMCvJ5BA+FqJQQAAoMAAAHNYaT85lNI+AAAAAK8nkED4WolBAACgQKpvk0CTiYdBAACgQKpvk0CTiYdBAACgwAAApM5jP3GU6T4AAAAA9YOMQFIhi0EAAKBAryeQQPhaiUEAAKDA9YOMQFIhi0EAAKDAAACkzmM/cZTpPgAAAAD1g4xAUiGLQQAAoECvJ5BA+FqJQQAAoECvJ5BA+FqJQQAAoMAAANezXT8AAAA/AAAAAMuGiEB/24xBAACgQPWDjEBSIYtBAACgQPWDjEBSIYtBAACgwAAA17NdPwAAAD8AAAAAy4aIQH/bjEEAAKBA9YOMQFIhi0EAAKDAy4aIQH/bjEEAAKDAAADwC1c/UOQKPwAAAADLhohAf9uMQQAAoEDLhohAf9uMQQAAoMC9MoRAZoiOQQAAoMAAAPALVz9Q5Ao/AAAAAL0yhEBmiI5BAACgQMuGiEB/24xBAACgQL0yhEBmiI5BAACgwAAAK9tPPzpwFT8AAAAAGBV/QPUmkEEAAKBAvTKEQGaIjkEAAKBAvTKEQGaIjkEAAKDAAAAr208/OnAVPwAAAAAYFX9A9SaQQQAAoEC9MoRAZoiOQQAAoMAYFX9A9SaQQQAAoMAAABwmSD8HnR8/AAAAAFwidUAltpFBAACgQBgVf0D1JpBBAACgQBgVf0D1JpBBAACgwAAAHCZIPwedHz8AAAAAXCJ1QCW2kUEAAKBAGBV/QPUmkEEAAKDAXCJ1QCW2kUEAAKDAAACp8T8/PmQpPwAAAACck2pA+DSTQQAAoEBcInVAJbaRQQAAoEBcInVAJbaRQQAAoMAAAKnxPz8+ZCk/AAAAAJyTakD4NJNBAACgQFwidUAltpFBAACgwJyTakD4NJNBAACgwAAADUM3P6a/Mj8AAAAAnJNqQPg0k0EAAKBAnJNqQPg0k0EAAKDAj29fQHqilEEAAKDAAAANQzc/pr8yPwAAAACPb19AeqKUQQAAoECck2pA+DSTQQAAoECPb19AeqKUQQAAoMAAAM0fLj9KqTs/AAAAAE69U0DC/ZVBAACgQI9vX0B6opRBAACgQI9vX0B6opRBAACgwAAAzR8uP0qpOz8AAAAATr1TQML9lUEAAKBAj29fQHqilEEAAKDATr1TQML9lUEAAKDAAAC7jSQ/fRtEPwAAAABJhEdA9EWXQQAAoEBOvVNAwv2VQQAAoEBOvVNAwv2VQQAAoMAAALuNJD99G0Q/AAAAAEmER0D0RZdBAACgQE69U0DC/ZVBAACgwEmER0D0RZdBAACgwAAA7ZIaP+AQTD8AAAAASYRHQPRFl0EAAKBASYRHQPRFl0EAAKDASMw6QD96mEEAAKDAAADtkho/4BBMPwAAAABIzDpAP3qYQQAAoEBJhEdA9EWXQQAAoEBIzDpAP3qYQQAAoMAAAL41ED9ihFM/AAAAAGSdLUDemZlBAACgQEjMOkA/ephBAACgQEjMOkA/ephBAACgwAAAvjUQP2KEUz8AAAAAZJ0tQN6ZmUEAAKBASMw6QD96mEEAAKDAZJ0tQN6ZmUEAAKDAAADHfAU/RXFaPwAAAAAAACBAGqSaQQAAoEBknS1A3pmZQQAAoEBknS1A3pmZQQAAoMAAAMd8BT9FcVo/AAAAAAAAIEAapJpBAACgQGSdLUDemZlBAACgwAAAIEAapJpBAACgwAAAtd30PiHTYD8AAAAAx/wRQEqYm0EAAKBAAAAgQBqkmkEAAKBAAAAgQBqkmkEAAKDAAAC13fQ+IdNgPwAAAADH/BFASpibQQAAoEAAACBAGqSaQQAAoMDH/BFASpibQQAAoMAAAAIm3j7lpWY/AAAAAKScA0DSdZxBAACgQMf8EUBKmJtBAACgwKScA0DSdZxBAACgwAAAAibePuWlZj8AAAAApJwDQNJ1nEEAAKBAx/wRQEqYm0EAAKBAx/wRQEqYm0EAAKDAAADt4MY+3eVrPwAAAAB50ek/JjydQQAAoECknANA0nWcQQAAoMB50ek/JjydQQAAoMAAAO3gxj7d5Ws/AAAAAHnR6T8mPJ1BAACgQKScA0DSdZxBAACgQKScA0DSdZxBAACgwAAARB2vPrKPcD8AAAAA2tTLP8fqnUEAAKBAedHpPyY8nUEAAKDA2tTLP8fqnUEAAKDAAABEHa8+so9wPwAAAADa1Ms/x+qdQQAAoEB50ek/JjydQQAAoEB50ek/JjydQQAAoMAAACbqlj5roHQ/AAAAAIFWrT9GgZ5BAACgQNrUyz/H6p1BAACgwIFWrT9GgZ5BAACgwAAAJuqWPmugdD8AAAAAgVatP0aBnkEAAKBA2tTLP8fqnUEAAKBA2tTLP8fqnUEAAKDAAAD5rXw+cxV4PwAAAADUaY4/Q/+eQQAAoECBVq0/RoGeQQAAoMDUaY4/Q/+eQQAAoMAAAPmtfD5zFXg/AAAAANRpjj9D/55BAACgQIFWrT9GgZ5BAACgQIFWrT9GgZ5BAACgwAAA0+ZKPpbsej8AAAAACUVeP25kn0EAAKBA1GmOP0P/nkEAAKDACUVeP25kn0EAAKDAAACJnhg+BCR9PwAAAAAJRV4/bmSfQQAAoEAJRV4/bmSfQQAAoMDyKB8/iLCfQQAAoMAAANPmSj6W7Ho/AAAAAAlFXj9uZJ9BAACgQNRpjj9D/55BAACgQNRpjj9D/55BAACgwAAAiZ4YPgQkfT8AAAAA8igfP4iwn0EAAKBACUVeP25kn0EAAKBA8igfP4iwn0EAAKDAAAA66ss9Vrp+PwAAAAAdT78+XuOfQQAAoEDyKB8/iLCfQQAAoMAdT78+XuOfQQAAoMAAADrqyz1Wun4/AAAAAB1Pvz5e459BAACgQPIoHz+IsJ9BAACgQPIoHz+IsJ9BAACgwAAAMytMPYmufz8AAAAAUEr/PdH8n0EAAKBAHU+/Pl7jn0EAAKDAUEr/PdH8n0EAAKDAAAAzK0w9ia5/PwAAAABQSv890fyfQQAAoEAdT78+XuOfQQAAoEAdT78+XuOfQQAAoMAAAAAAAAAAAIA/AAAAAFBK/73R/J9BAACgQFBK/z3R/J9BAACgwFBK/73R/J9BAACgwAAAAAAAgAAAgD8AAAAAUEr/vdH8n0EAAKBAUEr/PdH8n0EAAKBAUEr/PdH8n0EAAKDAAAAzK0y9ia5/PwAAAAAdT7++XuOfQQAAoEBQSv+90fyfQQAAoMAdT7++XuOfQQAAoMAAADMrTL2Jrn8/AAAAAB1Pv75e459BAACgQFBK/73R/J9BAACgQFBK/73R/J9BAACgwAAAOurLvVa6fj8AAAAA8igfv4iwn0EAAKBAHU+/vl7jn0EAAKDA8igfv4iwn0EAAKDAAAA66su9Vrp+PwAAAADyKB+/iLCfQQAAoEAdT7++XuOfQQAAoEAdT7++XuOfQQAAoMAAAImeGL4EJH0/AAAAAAlFXr9uZJ9BAACgQPIoH7+IsJ9BAACgwAlFXr9uZJ9BAACgwAAAiZ4YvgQkfT8AAAAACUVev25kn0EAAKBA8igfv4iwn0EAAKBA8igfv4iwn0EAAKDAAADT5kq+lux6PwAAAADUaY6/Q/+eQQAAoEAJRV6/bmSfQQAAoMDUaY6/Q/+eQQAAoMAAANPmSr6W7Ho/AAAAANRpjr9D/55BAACgQAlFXr9uZJ9BAACgQAlFXr9uZJ9BAACgwAAA+a18vnMVeD8AAAAAgVatv0aBnkEAAKBA1GmOv0P/nkEAAKBA1GmOv0P/nkEAAKDAAAD5rXy+cxV4PwAAAACBVq2/RoGeQQAAoEDUaY6/Q/+eQQAAoMCBVq2/RoGeQQAAoMAAACbqlr5roHQ/AAAAAIFWrb9GgZ5BAACgQIFWrb9GgZ5BAACgwNrUy7/H6p1BAACgwAAAJuqWvmugdD8AAAAA2tTLv8fqnUEAAKBAgVatv0aBnkEAAKBA2tTLv8fqnUEAAKDAAABEHa++so9wPwAAAADa1Mu/x+qdQQAAoEDa1Mu/x+qdQQAAoMB50em/JjydQQAAoMAAAEQdr76yj3A/AAAAAHnR6b8mPJ1BAACgQNrUy7/H6p1BAACgQHnR6b8mPJ1BAACgwAAA7eDGvt3laz8AAAAApJwDwNJ1nEEAAKBAedHpvyY8nUEAAKBAedHpvyY8nUEAAKDAAADt4Ma+3eVrPwAAAACknAPA0nWcQQAAoEB50em/JjydQQAAoMCknAPA0nWcQQAAoMAAAAIm3r7lpWY/AAAAAMf8EcBKmJtBAACgQKScA8DSdZxBAACgQKScA8DSdZxBAACgwAAAAibevuWlZj8AAAAAx/wRwEqYm0EAAKBApJwDwNJ1nEEAAKDAx/wRwEqYm0EAAKDAAAC13fS+IdNgPwAAAAAAACDAGqSaQQAAoEDH/BHASpibQQAAoEDH/BHASpibQQAAoMAAALXd9L4h02A/AAAAAAAAIMAapJpBAACgQMf8EcBKmJtBAACgwAAAIMAapJpBAACgwAAAx3wFv0VxWj8AAAAAZJ0twN6ZmUEAAKBAAAAgwBqkmkEAAKBAAAAgwBqkmkEAAKDAAADHfAW/RXFaPwAAAABknS3A3pmZQQAAoEAAACDAGqSaQQAAoMBknS3A3pmZQQAAoMAAAL41EL9ihFM/AAAAAEjMOsA/ephBAACgQGSdLcDemZlBAACgQGSdLcDemZlBAACgwAAAvjUQv2KEUz8AAAAASMw6wD96mEEAAKBAZJ0twN6ZmUEAAKDASMw6wD96mEEAAKDAAADtkhq/4BBMPwAAAABJhEfA9EWXQQAAoEBIzDrAP3qYQQAAoEBIzDrAP3qYQQAAoMAAAO2SGr/gEEw/AAAAAEmER8D0RZdBAACgQEjMOsA/ephBAACgwEmER8D0RZdBAACgwAAAu40kv30bRD8AAAAATr1TwML9lUEAAKBASYRHwPRFl0EAAKBASYRHwPRFl0EAAKDAAAC7jSS/fRtEPwAAAABOvVPAwv2VQQAAoEBJhEfA9EWXQQAAoMBOvVPAwv2VQQAAoMAAAM0fLr9KqTs/AAAAAE69U8DC/ZVBAACgQE69U8DC/ZVBAACgwI9vX8B6opRBAACgwAAAzR8uv0qpOz8AAAAAj29fwHqilEEAAKBATr1TwML9lUEAAKBAj29fwHqilEEAAKDAAAANQze/pr8yPwAAAACck2rA+DSTQQAAoECPb1/AeqKUQQAAoECPb1/AeqKUQQAAoMAAAA1DN7+mvzI/AAAAAJyTasD4NJNBAACgQI9vX8B6opRBAACgwJyTasD4NJNBAACgwAAAqfE/vz5kKT8AAAAAXCJ1wCW2kUEAAKBAnJNqwPg0k0EAAKBAnJNqwPg0k0EAAKDAAACp8T+/PmQpPwAAAABcInXAJbaRQQAAoECck2rA+DSTQQAAoMBcInXAJbaRQQAAoMAAABwmSL8HnR8/AAAAABgVf8D1JpBBAACgQFwidcAltpFBAACgQFwidcAltpFBAACgwAAAHCZIvwedHz8AAAAAGBV/wPUmkEEAAKBAXCJ1wCW2kUEAAKDAGBV/wPUmkEEAAKDAAAAr20+/OnAVPwAAAAAYFX/A9SaQQQAAoEAYFX/A9SaQQQAAoMC9MoTAZoiOQQAAoMAAACvbT786cBU/AAAAAL0yhMBmiI5BAACgQBgVf8D1JpBBAACgQL0yhMBmiI5BAACgwAAA8AtXv1DkCj8AAAAAy4aIwH/bjEEAAKBAvTKEwGaIjkEAAKBAvTKEwGaIjkEAAKDAAADwC1e/UOQKPwAAAADLhojAf9uMQQAAoEC9MoTAZoiOQQAAoMDLhojAf9uMQQAAoMAAANezXb8AAAA/AAAAAMuGiMB/24xBAACgQMuGiMB/24xBAACgwPWDjMBSIYtBAACgwAAA17NdvwAAAD8AAAAA9YOMwFIhi0EAAKBAy4aIwH/bjEEAAKBA9YOMwFIhi0EAAKDAAACkzmO/cZTpPgAAAACvJ5DA+FqJQQAAoED1g4zAUiGLQQAAoED1g4zAUiGLQQAAoMAAAKTOY79xlOk+AAAAAK8nkMD4WolBAACgQPWDjMBSIYtBAACgwK8nkMD4WolBAACgwAAAc1hpvzmU0j4AAAAAryeQwPhaiUEAAKBAryeQwPhaiUEAAKDAqm+TwJOJh0EAAKDAAABzWGm/OZTSPgAAAACqb5PAk4mHQQAAoECvJ5DA+FqJQQAAoECqb5PAk4mHQQAAoMAAAL5Nbr/7Dbs+AAAAAM9ZlsBJroVBAACgQKpvk8CTiYdBAACgQKpvk8CTiYdBAACgwAAAvk1uv/sNuz4AAAAAz1mWwEmuhUEAAKBAqm+TwJOJh0EAAKDAz1mWwEmuhUEAAKDAAABeq3K/rxCjPgAAAABD5JjAS8qDQQAAoEDPWZbASa6FQQAAoEDPWZbASa6FQQAAoMAAAF6rcr+vEKM+AAAAAEPkmMBLyoNBAACgQM9ZlsBJroVBAACgwEPkmMBLyoNBAACgwAAAi252v5qrij4AAAAAQ+SYwEvKg0EAAKBAQ+SYwEvKg0EAAKDAaA2bwMzegUEAAKDAAACLbna/mquKPgAAAABoDZvAzN6BQQAAoEBD5JjAS8qDQQAAoEBoDZvAzN6BQQAAoMAAAOCUeb+H3GM+AAAAAN3TnMAI2n9BAACgQGgNm8DM3oFBAACgwN3TnMAI2n9BAACgwAAA4JR5v4fcYz4AAAAA3dOcwAjaf0EAAKBAaA2bwMzegUEAAKBAaA2bwMzegUEAAKDAAABcHHy/1NAxPgAAAACDNp7AY+x7QQAAoEDd05zACNp/QQAAoMCDNp7AY+x7QQAAoMAAAFwcfL/U0DE+AAAAAIM2nsBj7HtBAACgQN3TnMAI2n9BAACgQN3TnMAI2n9BAACgwAAAYwN+v+qn/j0AAAAAdjSfwCb3d0EAAKBAgzaewGPse0EAAKDAdjSfwCb3d0EAAKDAAABjA36/6qf+PQAAAAB2NJ/AJvd3QQAAoECDNp7AY+x7QQAAoECDNp7AY+x7QQAAoMAAAMBIf78XDJk9AAAAABXNn8DY/HNBAACgQHY0n8Am93dBAACgQHY0n8Am93dBAACgwAAAwEh/vxcMmT0AAAAAFc2fwNj8c0EAAKBAdjSfwCb3d0EAAKDAFc2fwNj8c0EAAKDAAACh63+/czvMPAAAAAAVzZ/A2PxzQQAAoEAVzZ/A2PxzQQAAoMAAAKDAAABwQQAAoMAAAKHrf79zO8w8AAAAAAAAoMAAAHBBAACgQBXNn8DY/HNBAACgQAAAoMAAAHBBAACgwAAAoet/v3M7zLwAAACAAACgwAAAcEEAAKBAAACgwAAAcEEAAKDAFc2fwCgDbEEAAKDAAACh63+/czvMvAAAAIAVzZ/AKANsQQAAoEAAAKDAAABwQQAAoEAVzZ/AKANsQQAAoMAAAMBIf78XDJm9AAAAAHY0n8DaCGhBAACgQBXNn8AoA2xBAACgQBXNn8AoA2xBAACgwAAAwEh/vxcMmb0AAACAdjSfwNoIaEEAAKBAFc2fwCgDbEEAAKDAdjSfwNoIaEEAAKDAAABjA36/6qf+vQAAAIB2NJ/A2ghoQQAAoEB2NJ/A2ghoQQAAoMCDNp7AnRNkQQAAoMAAAGMDfr/qp/69AAAAgIM2nsCdE2RBAACgQHY0n8DaCGhBAACgQIM2nsCdE2RBAACgwAAAXBx8v9TQMb4AAACAgzaewJ0TZEEAAKBAgzaewJ0TZEEAAKDA3dOcwPglYEEAAKDAAABcHHy/1NAxvgAAAIDd05zA+CVgQQAAoECDNp7AnRNkQQAAoEDd05zA+CVgQQAAoMAAAOCUeb+H3GO+AAAAgN3TnMD4JWBBAACgQN3TnMD4JWBBAACgwGgNm8BpQlxBAACgwAAA4JR5v4fcY74AAACAaA2bwGlCXEEAAKBA3dOcwPglYEEAAKBAaA2bwGlCXEEAAKDAAACLbna/mquKvgAAAABD5JjAamtYQQAAoEBoDZvAaUJcQQAAoEBoDZvAaUJcQQAAoMAAAItudr+aq4q+AAAAgEPkmMBqa1hBAACgQGgNm8BpQlxBAACgwEPkmMBqa1hBAACgwAAAXqtyv68Qo74AAACAQ+SYwGprWEEAAKBAQ+SYwGprWEEAAKDAz1mWwG2jVEEAAKDAAABeq3K/rxCjvgAAAIDPWZbAbaNUQQAAoEBD5JjAamtYQQAAoEDPWZbAbaNUQQAAoMAAAL5Nbr/7Dbu+AAAAAKpvk8Db7FBBAACgQM9ZlsBto1RBAACgQM9ZlsBto1RBAACgwAAAvk1uv/sNu74AAACAqm+TwNvsUEEAAKBAz1mWwG2jVEEAAKDAqm+TwNvsUEEAAKDAAABzWGm/OZTSvgAAAACvJ5DAEEpNQQAAoECqb5PA2+xQQQAAoECqb5PA2+xQQQAAoMAAAHNYab85lNK+AAAAgK8nkMAQSk1BAACgQKpvk8Db7FBBAACgwK8nkMAQSk1BAACgwAAApM5jv3GU6b4AAACAryeQwBBKTUEAAKBAryeQwBBKTUEAAKDA9YOMwFy9SUEAAKDAAACkzmO/cZTpvgAAAID1g4zAXL1JQQAAoECvJ5DAEEpNQQAAoED1g4zAXL1JQQAAoMAAANezXb8AAAC/AAAAAMuGiMACSUZBAACgQPWDjMBcvUlBAACgQPWDjMBcvUlBAACgwAAA17NdvwAAAL8AAACAy4aIwAJJRkEAAKBA9YOMwFy9SUEAAKDAy4aIwAJJRkEAAKDAAADwC1e/UOQKvwAAAIC9MoTANe9CQQAAoEDLhojAAklGQQAAoMC9MoTANe9CQQAAoMAAAPALV79Q5Aq/AAAAAL0yhMA170JBAACgQMuGiMACSUZBAACgQMuGiMACSUZBAACgwAAAK9tPvzpwFb8AAACAGBV/wBayP0EAAKBAvTKEwDXvQkEAAKDAGBV/wBayP0EAAKDAAAAcJki/B50fvwAAAIAYFX/AFrI/QQAAoEAYFX/AFrI/QQAAoMBcInXAtpM8QQAAoMAAACvbT786cBW/AAAAABgVf8AWsj9BAACgQL0yhMA170JBAACgQL0yhMA170JBAACgwAAAHCZIvwedH78AAACAXCJ1wLaTPEEAAKBAGBV/wBayP0EAAKBAXCJ1wLaTPEEAAKDAAACp8T+/PmQpvwAAAICck2rAEJY5QQAAoEBcInXAtpM8QQAAoMCck2rAEJY5QQAAoMAAAKnxP78+ZCm/AAAAAJyTasAQljlBAACgQFwidcC2kzxBAACgQFwidcC2kzxBAACgwAAADUM3v6a/Mr8AAACAj29fwAy7NkEAAKBAnJNqwBCWOUEAAKDAj29fwAy7NkEAAKDAAADNHy6/Sqk7vwAAAICPb1/ADLs2QQAAoECPb1/ADLs2QQAAoMBOvVPAewQ0QQAAoMAAAA1DN7+mvzK/AAAAAI9vX8AMuzZBAACgQJyTasAQljlBAACgQJyTasAQljlBAACgwAAAzR8uv0qpO78AAACATr1TwHsENEEAAKBAj29fwAy7NkEAAKBATr1TwHsENEEAAKDAAAC7jSS/fRtEvwAAAIBJhEfAF3QxQQAAoEBOvVPAewQ0QQAAoMBJhEfAF3QxQQAAoMAAALuNJL99G0S/AAAAAEmER8AXdDFBAACgQE69U8B7BDRBAACgQE69U8B7BDRBAACgwAAA7ZIav+AQTL8AAACASMw6wIILL0EAAKBASYRHwBd0MUEAAKDASMw6wIILL0EAAKDAAADtkhq/4BBMvwAAAABIzDrAggsvQQAAoEBJhEfAF3QxQQAAoEBJhEfAF3QxQQAAoMAAAL41EL9ihFO/AAAAgGSdLcBFzCxBAACgQEjMOsCCCy9BAACgwGSdLcBFzCxBAACgwAAAx3wFv0VxWr8AAACAZJ0twEXMLEEAAKBAZJ0twEXMLEEAAKDAAAAgwM23KkEAAKDAAAC+NRC/YoRTvwAAAABknS3ARcwsQQAAoEBIzDrAggsvQQAAoEBIzDrAggsvQQAAoMAAAMd8Bb9FcVq/AAAAgAAAIMDNtypBAACgQGSdLcBFzCxBAACgQAAAIMDNtypBAACgwAAAtd30viHTYL8AAACAx/wRwG3PKEEAAKBAAAAgwM23KkEAAKDAx/wRwG3PKEEAAKDAAAC13fS+IdNgvwAAAADH/BHAbc8oQQAAoEAAACDAzbcqQQAAoEAAACDAzbcqQQAAoMAAAAIm3r7lpWa/AAAAgKScA8BcFCdBAACgQMf8EcBtzyhBAACgwKScA8BcFCdBAACgwAAAAibevuWlZr8AAAAApJwDwFwUJ0EAAKBAx/wRwG3PKEEAAKBAx/wRwG3PKEEAAKDAAADt4Ma+3eVrvwAAAIB50em/tYclQQAAoECknAPAXBQnQQAAoMB50em/tYclQQAAoMAAAO3gxr7d5Wu/AAAAAHnR6b+1hyVBAACgQKScA8BcFCdBAACgQKScA8BcFCdBAACgwAAARB2vvrKPcL8AAAAA2tTLv3MqJEEAAKBAedHpv7WHJUEAAKBAedHpv7WHJUEAAKDAAABEHa++so9wvwAAAIDa1Mu/cyokQQAAoEB50em/tYclQQAAoMDa1Mu/cyokQQAAoMAAACbqlr5roHS/AAAAAIFWrb91/SJBAACgQNrUy79zKiRBAACgQNrUy79zKiRBAACgwAAAJuqWvmugdL8AAACAgVatv3X9IkEAAKBA2tTLv3MqJEEAAKDAgVatv3X9IkEAAKDAAAD5rXy+cxV4vwAAAADUaY6/egEiQQAAoECBVq2/df0iQQAAoECBVq2/df0iQQAAoMAAAPmtfL5zFXi/AAAAgNRpjr96ASJBAACgQIFWrb91/SJBAACgwNRpjr96ASJBAACgwAAA0+ZKvpbser8AAAAACUVevyM3IUEAAKBA1GmOv3oBIkEAAKBA1GmOv3oBIkEAAKDAAADT5kq+lux6vwAAAIAJRV6/IzchQQAAoEDUaY6/egEiQQAAoMAJRV6/IzchQQAAoMAAAImeGL4EJH2/AAAAgAlFXr8jNyFBAACgQAlFXr8jNyFBAACgwPIoH7/xniBBAACgwAAAiZ4YvgQkfb8AAACA8igfv/GeIEEAAKBACUVevyM3IUEAAKBA8igfv/GeIEEAAKDAAAA66su9Vrp+vwAAAIAdT7++RDkgQQAAoEDyKB+/8Z4gQQAAoMAdT7++RDkgQQAAoMAAADrqy71Wun6/AAAAAB1Pv75EOSBBAACgQPIoH7/xniBBAACgQPIoH7/xniBBAACgwAAAMytMvYmuf78AAACAUEr/vV4GIEEAAKBAHU+/vkQ5IEEAAKDAUEr/vV4GIEEAAKDAAAAzK0y9ia5/vwAAAABQSv+9XgYgQQAAoEAdT7++RDkgQQAAoEAdT7++RDkgQQAAoMAAABlbgCgAAIC/AAAAAFBK/z1eBiBBAACgQFBK/71eBiBBAACgwFBK/z1eBiBBAACgwAAAGVuAKAAAgL8AAAAAUEr/PV4GIEEAAKBAUEr/vV4GIEEAAKBAUEr/vV4GIEEAAKDAAAAzK0w9ia5/vwAAAAAdT78+RDkgQQAAoEBQSv89XgYgQQAAoMAdT78+RDkgQQAAoMAAADMrTD2Jrn+/AAAAAB1Pvz5EOSBBAACgQFBK/z1eBiBBAACgQFBK/z1eBiBBAACgwAAAOurLPVa6fr8AAAAA8igfP/GeIEEAAKBAHU+/PkQ5IEEAAKDA8igfP/GeIEEAAKDAAAA66ss9Vrp+vwAAAADyKB8/8Z4gQQAAoEAdT78+RDkgQQAAoEAdT78+RDkgQQAAoMAAAImeGD4EJH2/AAAAAAlFXj8jNyFBAACgQPIoHz/xniBBAACgwAlFXj8jNyFBAACgwAAAiZ4YPgQkfb8AAAAACUVePyM3IUEAAKBA8igfP/GeIEEAAKBA8igfP/GeIEEAAKDAAADT5ko+lux6vwAAAADUaY4/egEiQQAAoEAJRV4/IzchQQAAoMDUaY4/egEiQQAAoMAAANPmSj6W7Hq/AAAAANRpjj96ASJBAACgQAlFXj8jNyFBAACgQAlFXj8jNyFBAACgwAAA+a18PnMVeL8AAAAAgVatP3X9IkEAAKBA1GmOP3oBIkEAAKDAgVatP3X9IkEAAKDAAAD5rXw+cxV4vwAAAACBVq0/df0iQQAAoEDUaY4/egEiQQAAoEDUaY4/egEiQQAAoMAAACbqlj5roHS/AAAAANrUyz9zKiRBAACgQIFWrT91/SJBAACgwNrUyz9zKiRBAACgwAAAJuqWPmugdL8AAAAA2tTLP3MqJEEAAKBAgVatP3X9IkEAAKBAgVatP3X9IkEAAKDAAABEHa8+so9wvwAAAAB50ek/tYclQQAAoEDa1Ms/cyokQQAAoMB50ek/tYclQQAAoMAAAEQdrz6yj3C/AAAAAHnR6T+1hyVBAACgQNrUyz9zKiRBAACgQNrUyz9zKiRBAACgwAAA7eDGPt3la78AAAAApJwDQFwUJ0EAAKBAedHpP7WHJUEAAKDApJwDQFwUJ0EAAKDAAADt4MY+3eVrvwAAAACknANAXBQnQQAAoEB50ek/tYclQQAAoEB50ek/tYclQQAAoMAAAAIm3j7lpWa/AAAAAMf8EUBtzyhBAACgQKScA0BcFCdBAACgwMf8EUBtzyhBAACgwAAAtd30PiHTYL8AAAAAx/wRQG3PKEEAAKBAx/wRQG3PKEEAAKDAAAAgQM23KkEAAKDAAAACJt4+5aVmvwAAAADH/BFAbc8oQQAAoECknANAXBQnQQAAoECknANAXBQnQQAAoMAAALXd9D4h02C/AAAAAAAAIEDNtypBAACgQMf8EUBtzyhBAACgQAAAIEDNtypBAACgwAAAx3wFP0VxWr8AAAAAZJ0tQEXMLEEAAKBAAAAgQM23KkEAAKDAZJ0tQEXMLEEAAKDAAADHfAU/RXFavwAAAABknS1ARcwsQQAAoEAAACBAzbcqQQAAoEAAACBAzbcqQQAAoMAAAL41ED9ihFO/AAAAAEjMOkCCCy9BAACgQGSdLUBFzCxBAACgwEjMOkCCCy9BAACgwAAAvjUQP2KEU78AAAAASMw6QIILL0EAAKBAZJ0tQEXMLEEAAKBAZJ0tQEXMLEEAAKDAAADtkho/4BBMvwAAAABJhEdAF3QxQQAAoEBIzDpAggsvQQAAoMBJhEdAF3QxQQAAoMAAAO2SGj/gEEy/AAAAAEmER0AXdDFBAACgQEjMOkCCCy9BAACgQEjMOkCCCy9BAACgwAAAu40kP30bRL8AAAAATr1TQHsENEEAAKBASYRHQBd0MUEAAKDATr1TQHsENEEAAKDAAAC7jSQ/fRtEvwAAAABOvVNAewQ0QQAAoEBJhEdAF3QxQQAAoEBJhEdAF3QxQQAAoMAAAM0fLj9KqTu/AAAAAI9vX0AMuzZBAACgQE69U0B7BDRBAACgwI9vX0AMuzZBAACgwAAAzR8uP0qpO78AAAAAj29fQAy7NkEAAKBATr1TQHsENEEAAKBATr1TQHsENEEAAKDAAAANQzc/pr8yvwAAAACck2pAEJY5QQAAoECPb19ADLs2QQAAoMCck2pAEJY5QQAAoMAAAA1DNz+mvzK/AAAAAJyTakAQljlBAACgQI9vX0AMuzZBAACgQI9vX0AMuzZBAACgwAAAqfE/Pz5kKb8AAAAAXCJ1QLaTPEEAAKBAnJNqQBCWOUEAAKBAnJNqQBCWOUEAAKDAAACp8T8/PmQpvwAAAABcInVAtpM8QQAAoECck2pAEJY5QQAAoMBcInVAtpM8QQAAoMAAABwmSD8HnR+/AAAAABgVf0AWsj9BAACgQFwidUC2kzxBAACgQFwidUC2kzxBAACgwAAAHCZIPwedH78AAAAAGBV/QBayP0EAAKBAXCJ1QLaTPEEAAKDAGBV/QBayP0EAAKDAAAAr208/OnAVvwAAAAC9MoRANe9CQQAAoEAYFX9AFrI/QQAAoEAYFX9AFrI/QQAAoMAAACvbTz86cBW/AAAAAL0yhEA170JBAACgQBgVf0AWsj9BAACgwL0yhEA170JBAACgwAAA8AtXP1DkCr8AAAAAy4aIQAJJRkEAAKBAvTKEQDXvQkEAAKBAvTKEQDXvQkEAAKDAAADwC1c/UOQKvwAAAADLhohAAklGQQAAoEC9MoRANe9CQQAAoMDLhohAAklGQQAAoMAAANezXT8AAAC/AAAAAPWDjEBcvUlBAACgQMuGiEACSUZBAACgQMuGiEACSUZBAACgwAAA17NdPwAAAL8AAAAA9YOMQFy9SUEAAKBAy4aIQAJJRkEAAKDA9YOMQFy9SUEAAKDAAACkzmM/cZTpvgAAAACvJ5BAEEpNQQAAoED1g4xAXL1JQQAAoED1g4xAXL1JQQAAoMAAAKTOYz9xlOm+AAAAAK8nkEAQSk1BAACgQPWDjEBcvUlBAACgwK8nkEAQSk1BAACgwAAAc1hpPzmU0r4AAAAAqm+TQNvsUEEAAKBAryeQQBBKTUEAAKBAryeQQBBKTUEAAKDAAABzWGk/OZTSvgAAAACqb5NA2+xQQQAAoECvJ5BAEEpNQQAAoMCqb5NA2+xQQQAAoMAAAL5Nbj/7Dbu+AAAAAM9ZlkBto1RBAACgQKpvk0Db7FBBAACgQKpvk0Db7FBBAACgwAAAvk1uP/sNu74AAAAAz1mWQG2jVEEAAKBAqm+TQNvsUEEAAKDAz1mWQG2jVEEAAKDAAABeq3I/rxCjvgAAAADPWZZAbaNUQQAAoEDPWZZAbaNUQQAAoMBD5JhAamtYQQAAoMAAAF6rcj+vEKO+AAAAAEPkmEBqa1hBAACgQM9ZlkBto1RBAACgQEPkmEBqa1hBAACgwAAAi252P5qrir4AAAAAaA2bQGlCXEEAAKBAQ+SYQGprWEEAAKBAQ+SYQGprWEEAAKDAAACLbnY/mquKvgAAAABoDZtAaUJcQQAAoEBD5JhAamtYQQAAoMBoDZtAaUJcQQAAoMAAAOCUeT+H3GO+AAAAAN3TnED4JWBBAACgQGgNm0BpQlxBAACgQGgNm0BpQlxBAACgwAAA4JR5P4fcY74AAAAA3dOcQPglYEEAAKBAaA2bQGlCXEEAAKDA3dOcQPglYEEAAKDAAABcHHw/1NAxvgAAAACDNp5AnRNkQQAAoEDd05xA+CVgQQAAoEDd05xA+CVgQQAAoMAAAFwcfD/U0DG+AAAAAIM2nkCdE2RBAACgQN3TnED4JWBBAACgwIM2nkCdE2RBAACgwAAAYwN+P+qn/r0AAAAAdjSfQNoIaEEAAKBAgzaeQJ0TZEEAAKBAgzaeQJ0TZEEAAKDAAABjA34/6qf+vQAAAAB2NJ9A2ghoQQAAoECDNp5AnRNkQQAAoMB2NJ9A2ghoQQAAoMAAAMBIfz8XDJm9AAAAABXNn0AoA2xBAACgQHY0n0DaCGhBAACgwBXNn0AoA2xBAACgwAAAwEh/PxcMmb0AAAAAFc2fQCgDbEEAAKBAdjSfQNoIaEEAAKBAdjSfQNoIaEEAAKDAAACh638/czvMvAAAAAAAAKBAAABwQQAAoEAVzZ9AKANsQQAAoMAAAKBAAABwQQAAoMAAAKHrfz9zO8y8AAAAAAAAoEAAAHBBAACgQBXNn0AoA2xBAACgQBXNn0AoA2xBAACgwAAAAAAAAAAAAAAAAIA/SYRHwBd0MUEAAKBAj29fwAy7NkEAAKBATr1TwHsENEEAAKBAAAAAAAAAAAAAAAAAgD+9MoTANe9CQQAAoECPb1/ADLs2QQAAoEBJhEfAF3QxQQAAoEAAAAAAAAAAAAAAAACAP70yhMA170JBAACgQBgVf8AWsj9BAACgQFwidcC2kzxBAACgQAAAAAAAAAAAAAAAAIA/vTKEwDXvQkEAAKBAXCJ1wLaTPEEAAKBAnJNqwBCWOUEAAKBAAAAAAAAAAAAAAAAAgD+9MoTANe9CQQAAoECck2rAEJY5QQAAoECPb1/ADLs2QQAAoEAAAAAAAAAAAAAAAACAP2SdLcBFzCxBAACgQEmER8AXdDFBAACgQEjMOsCCCy9BAACgQAAAAAAAAAAAAAAAAIA/y4aIwAJJRkEAAKBAvTKEwDXvQkEAAKBASYRHwBd0MUEAAKBAAAAAAAAAAAAAAAAAgD+vJ5DAEEpNQQAAoED1g4zAXL1JQQAAoEDLhojAAklGQQAAoEAAAAAAAAAAAAAAAACAP6ScA8BcFCdBAACgQGSdLcBFzCxBAACgQAAAIMDNtypBAACgQAAAAAAAAAAAAAAAAIA/pJwDwFwUJ0EAAKBAAAAgwM23KkEAAKBAx/wRwG3PKEEAAKBAAAAAAAAAAAAAAAAAgD/PWZbAbaNUQQAAoECvJ5DAEEpNQQAAoEDLhojAAklGQQAAoEAAAAAAAAAAAAAAAACAP89ZlsBto1RBAACgQKpvk8Db7FBBAACgQK8nkMAQSk1BAACgQAAAAAAAAAAAAAAAAIA/gVatv3X9IkEAAKBApJwDwFwUJ0EAAKBAedHpv7WHJUEAAKBAAAAAAAAAAAAAAAAAgD+BVq2/df0iQQAAoEB50em/tYclQQAAoEDa1Mu/cyokQQAAoEAAAAAAAAAAAAAAAACAP2gNm8BpQlxBAACgQEPkmMBqa1hBAACgQM9ZlsBto1RBAACgQAAAAAAAAAAAAAAAAIA/CUVevyM3IUEAAKBAZJ0twEXMLEEAAKBApJwDwFwUJ0EAAKBAAAAAAAAAAAAAAAAAgD8JRV6/IzchQQAAoECknAPAXBQnQQAAoECBVq2/df0iQQAAoEAAAAAAAAAAAAAAAACAPwlFXr8jNyFBAACgQIFWrb91/SJBAACgQNRpjr96ASJBAACgQAAAAAAAAAAAAAAAAIA/gzaewJ0TZEEAAKBAz1mWwG2jVEEAAKBAy4aIwAJJRkEAAKBAAAAAAAAAAAAAAAAAgD+DNp7AnRNkQQAAoEDd05zA+CVgQQAAoEBoDZvAaUJcQQAAoEAAAAAAAAAAAAAAAACAP4M2nsCdE2RBAACgQGgNm8BpQlxBAACgQM9ZlsBto1RBAACgQAAAAAAAAAAAAAAAAIA/HU+/vkQ5IEEAAKBACUVevyM3IUEAAKBA8igfv/GeIEEAAKBAAAAAAAAAAAAAAAAAgD8VzZ/AKANsQQAAoEB2NJ/A2ghoQQAAoECDNp7AnRNkQQAAoEAAAAAAAAAAAAAAAACAP1BK/71eBiBBAACgQGSdLcBFzCxBAACgQAlFXr8jNyFBAACgQAAAAAAAAAAAAAAAAIA/UEr/vV4GIEEAAKBACUVevyM3IUEAAKBAHU+/vkQ5IEEAAKBAAAAAAAAAAAAAAAAAgD8VzZ/A2PxzQQAAoEAAAKDAAABwQQAAoEAVzZ/AKANsQQAAoEAAAAAAAAAAAAAAAACAPwlFXj8jNyFBAACgQFBK/71eBiBBAACgQFBK/z1eBiBBAACgQAAAAAAAAAAAAAAAAIA/CUVePyM3IUEAAKBAUEr/PV4GIEEAAKBAHU+/PkQ5IEEAAKBAAAAAAAAAAAAAAAAAgD8JRV4/IzchQQAAoEAdT78+RDkgQQAAoEDyKB8/8Z4gQQAAoEAAAAAAAAAAAAAAAACAP9Rpjj96ASJBAACgQFBK/71eBiBBAACgQAlFXj8jNyFBAACgQAAAAAAAAAAAAAAAAIA/aA2bwMzegUEAAKBASYRHwBd0MUEAAKBAZJ0twEXMLEEAAKBAAAAAAAAAAAAAAAAAgD9oDZvAzN6BQQAAoEDLhojAAklGQQAAoEBJhEfAF3QxQQAAoEAAAAAAAAAAAAAAAACAP2gNm8DM3oFBAACgQN3TnMAI2n9BAACgQIM2nsBj7HtBAACgQAAAAAAAAAAAAAAAAIA/aA2bwMzegUEAAKBAgzaewGPse0EAAKBAdjSfwCb3d0EAAKBAAAAAAAAAAAAAAAAAgD9oDZvAzN6BQQAAoEB2NJ/AJvd3QQAAoEAVzZ/A2PxzQQAAoEAAAAAAAAAAAAAAAACAP2gNm8DM3oFBAACgQBXNn8DY/HNBAACgQBXNn8AoA2xBAACgQAAAAAAAAAAAAAAAAIA/aA2bwMzegUEAAKBAgzaewJ0TZEEAAKBAy4aIwAJJRkEAAKBAAAAAAAAAAAAAAAAAgD9oDZvAzN6BQQAAoEAVzZ/AKANsQQAAoECDNp7AnRNkQQAAoEAAAAAAAAAAAAAAAACAP3nR6T+1hyVBAACgQIFWrT91/SJBAACgQNrUyz9zKiRBAACgQAAAAAAAAAAAAAAAAIA/edHpP7WHJUEAAKBA1GmOP3oBIkEAAKBAgVatP3X9IkEAAKBAAAAAAAAAAAAAAAAAgD8AACBAzbcqQQAAoEB50ek/tYclQQAAoECknANAXBQnQQAAoEAAAAAAAAAAAAAAAACAPwAAIEDNtypBAACgQKScA0BcFCdBAACgQMf8EUBtzyhBAACgQAAAAAAAAAAAAAAAAIA/AAAgQM23KkEAAKBA1GmOP3oBIkEAAKBAedHpP7WHJUEAAKBAAAAAAAAAAAAAAAAAgD/LhojAf9uMQQAAoED1g4zAUiGLQQAAoECvJ5DA+FqJQQAAoEAAAAAAAAAAAAAAAACAP8uGiMB/24xBAACgQK8nkMD4WolBAACgQKpvk8CTiYdBAACgQAAAAAAAAAAAAAAAAIA/y4aIwH/bjEEAAKBAqm+TwJOJh0EAAKBAz1mWwEmuhUEAAKBAAAAAAAAAAAAAAAAAgD9knS1ARcwsQQAAoEBoDZvAzN6BQQAAoEBknS3ARcwsQQAAoEAAAAAAAAAAAAAAAACAP2SdLUBFzCxBAACgQFBK/71eBiBBAACgQNRpjj96ASJBAACgQAAAAAAAAAAAAAAAAIA/ZJ0tQEXMLEEAAKBA1GmOP3oBIkEAAKBAAAAgQM23KkEAAKBAAAAAAAAAAAAAAAAAgD9knS1ARcwsQQAAoEBD5JjAS8qDQQAAoEBoDZvAzN6BQQAAoEAAAAAAAAAAAAAAAACAP2SdLUBFzCxBAACgQGSdLcBFzCxBAACgQFBK/71eBiBBAACgQAAAAAAAAAAAAAAAAIA/SYRHQBd0MUEAAKBAZJ0tQEXMLEEAAKBASMw6QIILL0EAAKBAAAAAAAAAAAAAAAAAgD9JhEdAF3QxQQAAoEBD5JjAS8qDQQAAoEBknS1ARcwsQQAAoEAAAAAAAAAAAAAAAACAP1widcAltpFBAACgQBgVf8D1JpBBAACgQL0yhMBmiI5BAACgQAAAAAAAAAAAAAAAAIA/XCJ1wCW2kUEAAKBAvTKEwGaIjkEAAKBAy4aIwH/bjEEAAKBAAAAAAAAAAAAAAAAAgD+ck2pAEJY5QQAAoEBOvVNAewQ0QQAAoECPb19ADLs2QQAAoEAAAAAAAAAAAAAAAACAP1widUC2kzxBAACgQEmER0AXdDFBAACgQE69U0B7BDRBAACgQAAAAAAAAAAAAAAAAIA/XCJ1QLaTPEEAAKBATr1TQHsENEEAAKBAnJNqQBCWOUEAAKBAAAAAAAAAAAAAAAAAgD9IzDrAP3qYQQAAoEBJhEfA9EWXQQAAoEBOvVPAwv2VQQAAoEAAAAAAAAAAAAAAAACAP0jMOsA/ephBAACgQE69U8DC/ZVBAACgQI9vX8B6opRBAACgQAAAAAAAAAAAAAAAAIA/y4aIQAJJRkEAAKBAXCJ1QLaTPEEAAKBAGBV/QBayP0EAAKBAAAAAAAAAAAAAAAAAgD/LhohAAklGQQAAoEAYFX9AFrI/QQAAoEC9MoRANe9CQQAAoEAAAAAAAAAAAAAAAACAP8uGiEACSUZBAACgQEPkmMBLyoNBAACgQEmER0AXdDFBAACgQAAAAAAAAAAAAAAAAIA/y4aIQAJJRkEAAKBASYRHQBd0MUEAAKBAXCJ1QLaTPEEAAKBAAAAAAAAAAAAAAAAAgD/LhohAAklGQQAAoEDPWZbASa6FQQAAoEBD5JjAS8qDQQAAoEAAAAAAAAAAAAAAAACAPwAAIMAapJpBAACgQGSdLcDemZlBAACgQEjMOsA/ephBAACgQAAAAAAAAAAAAAAAAIA/ryeQQBBKTUEAAKBAy4aIQAJJRkEAAKBA9YOMQFy9SUEAAKBAAAAAAAAAAAAAAAAAgD+knAPA0nWcQQAAoEBIzDrAP3qYQQAAoECPb1/AeqKUQQAAoEAAAAAAAAAAAAAAAACAP6ScA8DSdZxBAACgQMf8EcBKmJtBAACgQAAAIMAapJpBAACgQAAAAAAAAAAAAAAAAIA/pJwDwNJ1nEEAAKBAj29fwHqilEEAAKBAnJNqwPg0k0EAAKBAAAAAAAAAAAAAAAAAgD+knAPA0nWcQQAAoECck2rA+DSTQQAAoEBcInXAJbaRQQAAoEAAAAAAAAAAAAAAAACAP6ScA8DSdZxBAACgQAAAIMAapJpBAACgQEjMOsA/ephBAACgQAAAAAAAAAAAAAAAAIA/qm+TQNvsUEEAAKBAy4aIQAJJRkEAAKBAryeQQBBKTUEAAKBAAAAAAAAAAAAAAAAAgD950em/JjydQQAAoECknAPA0nWcQQAAoEBcInXAJbaRQQAAoEAAAAAAAAAAAAAAAACAP2gNm0BpQlxBAACgQM9ZlkBto1RBAACgQEPkmEBqa1hBAACgQAAAAAAAAAAAAAAAAIA/1GmOv0P/nkEAAKBAgVatv0aBnkEAAKBA2tTLv8fqnUEAAKBAAAAAAAAAAAAAAAAAgD/yKB+/iLCfQQAAoEAJRV6/bmSfQQAAoEDUaY6/Q/+eQQAAoEAAAAAAAAAAAAAAAACAP/IoH7+IsJ9BAACgQNrUy7/H6p1BAACgQHnR6b8mPJ1BAACgQAAAAAAAAAAAAAAAAIA/8igfv4iwn0EAAKBA1GmOv0P/nkEAAKBA2tTLv8fqnUEAAKBAAAAAAAAAAAAAAAAAgD8VzZ9AKANsQQAAoEDd05xA+CVgQQAAoECDNp5AnRNkQQAAoEAAAAAAAAAAAAAAAACAPxXNn0AoA2xBAACgQIM2nkCdE2RBAACgQHY0n0DaCGhBAACgQAAAAAAAAAAAAAAAAIA/UEr/vdH8n0EAAKBA8igfv4iwn0EAAKBAedHpvyY8nUEAAKBAAAAAAAAAAAAAAAAAgD9QSv+90fyfQQAAoEAdT7++XuOfQQAAoEDyKB+/iLCfQQAAoEAAAAAAAAAAAAAAAACAPwAAoEAAAHBBAACgQN3TnED4JWBBAACgQBXNn0AoA2xBAACgQAAAAAAAAAAAAAAAAIA/AACgQAAAcEEAAKBAqm+TQNvsUEEAAKBAz1mWQG2jVEEAAKBAAAAAAAAAAAAAAAAAgD8AAKBAAABwQQAAoEBoDZtAaUJcQQAAoEDd05xA+CVgQQAAoEAAAAAAAAAAAAAAAACAPwAAoEAAAHBBAACgQM9ZlkBto1RBAACgQGgNm0BpQlxBAACgQAAAAAAAAAAAAAAAAIA/Fc2fQNj8c0EAAKBAqm+TQNvsUEEAAKBAAACgQAAAcEEAAKBAAAAAAAAAAAAAAAAAgD+DNp5AY+x7QQAAoECqb5NA2+xQQQAAoEAVzZ9A2PxzQQAAoEAAAAAAAAAAAAAAAACAP4M2nkBj7HtBAACgQBXNn0DY/HNBAACgQHY0n0Am93dBAACgQAAAAAAAAAAAAAAAAIA/CUVeP25kn0EAAKBA8igfP4iwn0EAAKBAHU+/Pl7jn0EAAKBAAAAAAAAAAAAAAAAAgD8JRV4/bmSfQQAAoEAdT78+XuOfQQAAoEBQSv890fyfQQAAoEAAAAAAAAAAAAAAAACAP2gNm0DM3oFBAACgQIM2nkBj7HtBAACgQN3TnEAI2n9BAACgQAAAAAAAAAAAAAAAAIA/2tTLP8fqnUEAAKBAgVatP0aBnkEAAKBA1GmOP0P/nkEAAKBAAAAAAAAAAAAAAAAAgD/a1Ms/x+qdQQAAoEDUaY4/Q/+eQQAAoEAJRV4/bmSfQQAAoEAAAAAAAAAAAAAAAACAP9rUyz/H6p1BAACgQAlFXj9uZJ9BAACgQFBK/z3R/J9BAACgQAAAAAAAAAAAAAAAAIA/2tTLP8fqnUEAAKBAUEr/PdH8n0EAAKBAUEr/vdH8n0EAAKBAAAAAAAAAAAAAAAAAgD/a1Ms/x+qdQQAAoEB50em/JjydQQAAoEBcInXAJbaRQQAAoEAAAAAAAAAAAAAAAACAP9rUyz/H6p1BAACgQFBK/73R/J9BAACgQHnR6b8mPJ1BAACgQAAAAAAAAAAAAAAAAIA/z1mWQEmuhUEAAKBAaA2bQMzegUEAAKBAQ+SYQEvKg0EAAKBAAAAAAAAAAAAAAAAAgD/PWZZASa6FQQAAoECqb5NA2+xQQQAAoECDNp5AY+x7QQAAoEAAAAAAAAAAAAAAAACAP89ZlkBJroVBAACgQIM2nkBj7HtBAACgQGgNm0DM3oFBAACgQAAAAAAAAAAAAAAAAIA/z1mWQEmuhUEAAKBAy4aIQAJJRkEAAKBAqm+TQNvsUEEAAKBAAAAAAAAAAAAAAAAAgD+knANA0nWcQQAAoEB50ek/JjydQQAAoEDa1Ms/x+qdQQAAoEAAAAAAAAAAAAAAAACAP/WDjEBSIYtBAACgQKpvk0CTiYdBAACgQK8nkED4WolBAACgQAAAAAAAAAAAAAAAAIA/y4aIQH/bjEEAAKBAqm+TQJOJh0EAAKBA9YOMQFIhi0EAAKBAAAAAAAAAAAAAAAAAgD9knS1A3pmZQQAAoEAAACBAGqSaQQAAoEDH/BFASpibQQAAoEAAAAAAAAAAAAAAAACAP2SdLUDemZlBAACgQMf8EUBKmJtBAACgQKScA0DSdZxBAACgQAAAAAAAAAAAAAAAAIA/ZJ0tQN6ZmUEAAKBApJwDQNJ1nEEAAKBA2tTLP8fqnUEAAKBAAAAAAAAAAAAAAAAAgD+9MoRAZoiOQQAAoECqb5NAk4mHQQAAoEDLhohAf9uMQQAAoEAAAAAAAAAAAAAAAACAP0mER0D0RZdBAACgQM9ZlkBJroVBAACgQKpvk0CTiYdBAACgQAAAAAAAAAAAAAAAAIA/SYRHQPRFl0EAAKBASMw6QD96mEEAAKBAZJ0tQN6ZmUEAAKBAAAAAAAAAAAAAAAAAgD9JhEdA9EWXQQAAoEDLhojAf9uMQQAAoEDPWZbASa6FQQAAoEAAAAAAAAAAAAAAAACAP0mER0D0RZdBAACgQGSdLUDemZlBAACgQNrUyz/H6p1BAACgQAAAAAAAAAAAAAAAAIA/SYRHQPRFl0EAAKBAy4aIQAJJRkEAAKBAz1mWQEmuhUEAAKBAAAAAAAAAAAAAAAAAgD9JhEdA9EWXQQAAoEBcInXAJbaRQQAAoEDLhojAf9uMQQAAoEAAAAAAAAAAAAAAAACAP0mER0D0RZdBAACgQM9ZlsBJroVBAACgQMuGiEACSUZBAACgQAAAAAAAAAAAAAAAAIA/SYRHQPRFl0EAAKBA2tTLP8fqnUEAAKBAXCJ1wCW2kUEAAKBAAAAAAAAAAAAAAAAAgD9cInVAJbaRQQAAoEC9MoRAZoiOQQAAoEAYFX9A9SaQQQAAoEAAAAAAAAAAAAAAAACAP1widUAltpFBAACgQKpvk0CTiYdBAACgQL0yhEBmiI5BAACgQAAAAAAAAAAAAAAAAIA/nJNqQPg0k0EAAKBAqm+TQJOJh0EAAKBAXCJ1QCW2kUEAAKBAAAAAAAAAAAAAAAAAgD+Pb19AeqKUQQAAoEBOvVNAwv2VQQAAoEBJhEdA9EWXQQAAoEAAAAAAAAAAAAAAAACAP49vX0B6opRBAACgQEmER0D0RZdBAACgQKpvk0CTiYdBAACgQAAAAAAAAAAAAAAAAIA/j29fQHqilEEAAKBAqm+TQJOJh0EAAKBAnJNqQPg0k0EAAKBAAAAAAAAAAAAAAAAAgL9JhEfAF3QxQQAAoMBOvVPAewQ0QQAAoMCPb1/ADLs2QQAAoMAAAAAAAAAAAAAAAACAv70yhMA170JBAACgwEmER8AXdDFBAACgwI9vX8AMuzZBAACgwAAAAAAAAAAAAAAAAIC/vTKEwDXvQkEAAKDAXCJ1wLaTPEEAAKDAGBV/wBayP0EAAKDAAAAAAAAAAAAAAAAAgL+9MoTANe9CQQAAoMCck2rAEJY5QQAAoMBcInXAtpM8QQAAoMAAAAAAAAAAAAAAAACAv70yhMA170JBAACgwI9vX8AMuzZBAACgwJyTasAQljlBAACgwAAAAAAAAAAAAAAAAIC/ZJ0twEXMLEEAAKDASMw6wIILL0EAAKDASYRHwBd0MUEAAKDAAAAAAAAAAAAAAAAAgL/LhojAAklGQQAAoMBJhEfAF3QxQQAAoMC9MoTANe9CQQAAoMAAAAAAAAAAAAAAAACAv68nkMAQSk1BAACgwMuGiMACSUZBAACgwPWDjMBcvUlBAACgwAAAAAAAAAAAAAAAAIC/pJwDwFwUJ0EAAKDAAAAgwM23KkEAAKDAZJ0twEXMLEEAAKDAAAAAAAAAAAAAAAAAgL+knAPAXBQnQQAAoMDH/BHAbc8oQQAAoMAAACDAzbcqQQAAoMAAAAAAAAAAAAAAAACAv89ZlsBto1RBAACgwMuGiMACSUZBAACgwK8nkMAQSk1BAACgwAAAAAAAAAAAAAAAAIC/z1mWwG2jVEEAAKDAryeQwBBKTUEAAKDAqm+TwNvsUEEAAKDAAAAAAAAAAAAAAAAAgL+BVq2/df0iQQAAoMB50em/tYclQQAAoMCknAPAXBQnQQAAoMAAAAAAAAAAAAAAAACAv4FWrb91/SJBAACgwNrUy79zKiRBAACgwHnR6b+1hyVBAACgwAAAAAAAAAAAAAAAAIC/aA2bwGlCXEEAAKDAz1mWwG2jVEEAAKDAQ+SYwGprWEEAAKDAAAAAAAAAAAAAAAAAgL8JRV6/IzchQQAAoMCknAPAXBQnQQAAoMBknS3ARcwsQQAAoMAAAAAAAAAAAAAAAACAvwlFXr8jNyFBAACgwIFWrb91/SJBAACgwKScA8BcFCdBAACgwAAAAAAAAAAAAAAAAIC/CUVevyM3IUEAAKDA1GmOv3oBIkEAAKDAgVatv3X9IkEAAKDAAAAAAAAAAAAAAAAAgL+DNp7AnRNkQQAAoMDLhojAAklGQQAAoMDPWZbAbaNUQQAAoMAAAAAAAAAAAAAAAACAv4M2nsCdE2RBAACgwGgNm8BpQlxBAACgwN3TnMD4JWBBAACgwAAAAAAAAAAAAAAAAIC/gzaewJ0TZEEAAKDAz1mWwG2jVEEAAKDAaA2bwGlCXEEAAKDAAAAAAAAAAAAAAAAAgL8dT7++RDkgQQAAoMDyKB+/8Z4gQQAAoMAJRV6/IzchQQAAoMAAAAAAAAAAAAAAAACAvxXNn8AoA2xBAACgwIM2nsCdE2RBAACgwHY0n8DaCGhBAACgwAAAAAAAAAAAAAAAAIC/UEr/vV4GIEEAAKDACUVevyM3IUEAAKDAZJ0twEXMLEEAAKDAAAAAAAAAAAAAAAAAgL9QSv+9XgYgQQAAoMAdT7++RDkgQQAAoMAJRV6/IzchQQAAoMAAAAAAAAAAAACAAACAvxXNn8DY/HNBAACgwBXNn8AoA2xBAACgwAAAoMAAAHBBAACgwAAAAAAAAAAAAAAAAIC/CUVePyM3IUEAAKDAUEr/PV4GIEEAAKDAUEr/vV4GIEEAAKDAAAAAAAAAAAAAAAAAgL8JRV4/IzchQQAAoMAdT78+RDkgQQAAoMBQSv89XgYgQQAAoMAAAAAAAAAAAAAAAACAvwlFXj8jNyFBAACgwPIoHz/xniBBAACgwB1Pvz5EOSBBAACgwAAAAAAAAAAAAAAAAIC/1GmOP3oBIkEAAKDACUVePyM3IUEAAKDAUEr/vV4GIEEAAKDAAAAAAAAAAAAAAAAAgL9oDZvAzN6BQQAAoMBknS3ARcwsQQAAoMBJhEfAF3QxQQAAoMAAAAAAAAAAAAAAAACAv2gNm8DM3oFBAACgwEmER8AXdDFBAACgwMuGiMACSUZBAACgwAAAAAAAAAAAAAAAAIC/aA2bwMzegUEAAKDAgzaewGPse0EAAKDA3dOcwAjaf0EAAKDAAAAAAAAAAAAAAAAAgL9oDZvAzN6BQQAAoMB2NJ/AJvd3QQAAoMCDNp7AY+x7QQAAoMAAAAAAAAAAAAAAAACAv2gNm8DM3oFBAACgwBXNn8DY/HNBAACgwHY0n8Am93dBAACgwAAAAAAAAAAAAAAAAIC/aA2bwMzegUEAAKDAFc2fwCgDbEEAAKDAFc2fwNj8c0EAAKDAAAAAAAAAAAAAgAAAgL9oDZvAzN6BQQAAoMDLhojAAklGQQAAoMCDNp7AnRNkQQAAoMAAAAAAAAAAAAAAAACAv2gNm8DM3oFBAACgwIM2nsCdE2RBAACgwBXNn8AoA2xBAACgwAAAAAAAAAAAAAAAAIC/edHpP7WHJUEAAKDA2tTLP3MqJEEAAKDAgVatP3X9IkEAAKDAAAAAAAAAAAAAAAAAgL950ek/tYclQQAAoMCBVq0/df0iQQAAoMDUaY4/egEiQQAAoMAAAAAAAAAAAAAAAACAvwAAIEDNtypBAACgwKScA0BcFCdBAACgwHnR6T+1hyVBAACgwAAAAAAAAAAAAAAAAIC/AAAgQM23KkEAAKDAx/wRQG3PKEEAAKDApJwDQFwUJ0EAAKDAAAAAAAAAAAAAAAAAgL8AACBAzbcqQQAAoMB50ek/tYclQQAAoMDUaY4/egEiQQAAoMAAAAAAAAAAAAAAAACAv8uGiMB/24xBAACgwK8nkMD4WolBAACgwPWDjMBSIYtBAACgwAAAAAAAAAAAAAAAAIC/y4aIwH/bjEEAAKDAqm+TwJOJh0EAAKDAryeQwPhaiUEAAKDAAAAAAAAAAAAAAAAAgL/LhojAf9uMQQAAoMDPWZbASa6FQQAAoMCqb5PAk4mHQQAAoMAAAAAAAIAAAAAAAACAv2SdLUBFzCxBAACgwGSdLcBFzCxBAACgwGgNm8DM3oFBAACgwAAAAAAAAAAAAAAAAIC/ZJ0tQEXMLEEAAKDA1GmOP3oBIkEAAKDAUEr/vV4GIEEAAKDAAAAAAAAAAAAAAAAAgL9knS1ARcwsQQAAoMAAACBAzbcqQQAAoMDUaY4/egEiQQAAoMAAAAAAAAAAAAAAAACAv2SdLUBFzCxBAACgwGgNm8DM3oFBAACgwEPkmMBLyoNBAACgwAAAAAAAAAAAAAAAAIC/ZJ0tQEXMLEEAAKDAUEr/vV4GIEEAAKDAZJ0twEXMLEEAAKDAAAAAAAAAAAAAAAAAgL9JhEdAF3QxQQAAoMBIzDpAggsvQQAAoMBknS1ARcwsQQAAoMAAAAAAAIAAAAAAAACAv0mER0AXdDFBAACgwGSdLUBFzCxBAACgwEPkmMBLyoNBAACgwAAAAAAAAAAAAAAAAIC/XCJ1wCW2kUEAAKDAvTKEwGaIjkEAAKDAGBV/wPUmkEEAAKDAAAAAAAAAAAAAAAAAgL9cInXAJbaRQQAAoMDLhojAf9uMQQAAoMC9MoTAZoiOQQAAoMAAAAAAAAAAAAAAAACAv5yTakAQljlBAACgwI9vX0AMuzZBAACgwE69U0B7BDRBAACgwAAAAAAAAAAAAAAAAIC/XCJ1QLaTPEEAAKDATr1TQHsENEEAAKDASYRHQBd0MUEAAKDAAAAAAAAAAAAAAAAAgL9cInVAtpM8QQAAoMCck2pAEJY5QQAAoMBOvVNAewQ0QQAAoMAAAAAAAAAAAAAAAACAv0jMOsA/ephBAACgwE69U8DC/ZVBAACgwEmER8D0RZdBAACgwAAAAAAAAAAAAAAAAIC/SMw6wD96mEEAAKDAj29fwHqilEEAAKDATr1TwML9lUEAAKDAAAAAAAAAAAAAAAAAgL/LhohAAklGQQAAoMAYFX9AFrI/QQAAoMBcInVAtpM8QQAAoMAAAAAAAAAAAAAAAACAv8uGiEACSUZBAACgwL0yhEA170JBAACgwBgVf0AWsj9BAACgwAAAAAAAgAAAAAAAAIC/y4aIQAJJRkEAAKDASYRHQBd0MUEAAKDAQ+SYwEvKg0EAAKDAAAAAAAAAAAAAAAAAgL/LhohAAklGQQAAoMBcInVAtpM8QQAAoMBJhEdAF3QxQQAAoMAAAAAAAAAAAAAAAACAv8uGiEACSUZBAACgwEPkmMBLyoNBAACgwM9ZlsBJroVBAACgwAAAAAAAAAAAAAAAAIC/AAAgwBqkmkEAAKDASMw6wD96mEEAAKDAZJ0twN6ZmUEAAKDAAAAAAAAAAAAAAAAAgL+vJ5BAEEpNQQAAoMD1g4xAXL1JQQAAoMDLhohAAklGQQAAoMAAAAAAAAAAAAAAAACAv6ScA8DSdZxBAACgwI9vX8B6opRBAACgwEjMOsA/ephBAACgwAAAAAAAAAAAAAAAAIC/pJwDwNJ1nEEAAKDAAAAgwBqkmkEAAKDAx/wRwEqYm0EAAKDAAAAAAAAAAAAAAAAAgL+knAPA0nWcQQAAoMCck2rA+DSTQQAAoMCPb1/AeqKUQQAAoMAAAAAAAAAAAAAAAACAv6ScA8DSdZxBAACgwFwidcAltpFBAACgwJyTasD4NJNBAACgwAAAAAAAAAAAAAAAAIC/pJwDwNJ1nEEAAKDASMw6wD96mEEAAKDAAAAgwBqkmkEAAKDAAAAAAAAAAAAAAAAAgL+qb5NA2+xQQQAAoMCvJ5BAEEpNQQAAoMDLhohAAklGQQAAoMAAAAAAAAAAAAAAAACAv3nR6b8mPJ1BAACgwFwidcAltpFBAACgwKScA8DSdZxBAACgwAAAAAAAAAAAAAAAAIC/aA2bQGlCXEEAAKDAQ+SYQGprWEEAAKDAz1mWQG2jVEEAAKDAAAAAAAAAAAAAAAAAgL/UaY6/Q/+eQQAAoMDa1Mu/x+qdQQAAoMCBVq2/RoGeQQAAoMAAAAAAAAAAAAAAAACAv/IoH7+IsJ9BAACgwNRpjr9D/55BAACgwAlFXr9uZJ9BAACgwAAAAAAAAAAAAAAAAIC/8igfv4iwn0EAAKDAedHpvyY8nUEAAKDA2tTLv8fqnUEAAKDAAAAAAAAAAAAAAAAAgL/yKB+/iLCfQQAAoMDa1Mu/x+qdQQAAoMDUaY6/Q/+eQQAAoMAAAAAAAAAAAAAAAACAvxXNn0AoA2xBAACgwIM2nkCdE2RBAACgwN3TnED4JWBBAACgwAAAAAAAAAAAAAAAAIC/Fc2fQCgDbEEAAKDAdjSfQNoIaEEAAKDAgzaeQJ0TZEEAAKDAAAAAAAAAAAAAAAAAgL9QSv+90fyfQQAAoMB50em/JjydQQAAoMDyKB+/iLCfQQAAoMAAAAAAAAAAAAAAAACAv1BK/73R/J9BAACgwPIoH7+IsJ9BAACgwB1Pv75e459BAACgwAAAAAAAAAAAAAAAAIC/AACgQAAAcEEAAKDAFc2fQCgDbEEAAKDA3dOcQPglYEEAAKDAAAAAAAAAAAAAAAAAgL8AAKBAAABwQQAAoMDPWZZAbaNUQQAAoMCqb5NA2+xQQQAAoMAAAAAAAAAAAAAAAACAvwAAoEAAAHBBAACgwN3TnED4JWBBAACgwGgNm0BpQlxBAACgwAAAAAAAAAAAAAAAAIC/AACgQAAAcEEAAKDAaA2bQGlCXEEAAKDAz1mWQG2jVEEAAKDAAAAAAAAAAAAAgAAAgL8VzZ9A2PxzQQAAoMAAAKBAAABwQQAAoMCqb5NA2+xQQQAAoMAAAAAAAAAAAACAAACAv4M2nkBj7HtBAACgwBXNn0DY/HNBAACgwKpvk0Db7FBBAACgwAAAAAAAAAAAAAAAAIC/gzaeQGPse0EAAKDAdjSfQCb3d0EAAKDAFc2fQNj8c0EAAKDAAAAAAAAAAAAAAAAAgL8JRV4/bmSfQQAAoMAdT78+XuOfQQAAoMDyKB8/iLCfQQAAoMAAAAAAAAAAAAAAAACAvwlFXj9uZJ9BAACgwFBK/z3R/J9BAACgwB1Pvz5e459BAACgwAAAAAAAAAAAAAAAAIC/aA2bQMzegUEAAKDA3dOcQAjaf0EAAKDAgzaeQGPse0EAAKDAAAAAAAAAAAAAAAAAgL/a1Ms/x+qdQQAAoMDUaY4/Q/+eQQAAoMCBVq0/RoGeQQAAoMAAAAAAAAAAAAAAAACAv9rUyz/H6p1BAACgwAlFXj9uZJ9BAACgwNRpjj9D/55BAACgwAAAAAAAAAAAAAAAAIC/2tTLP8fqnUEAAKDAUEr/PdH8n0EAAKDACUVeP25kn0EAAKDAAAAAAAAAAAAAAAAAgL/a1Ms/x+qdQQAAoMBQSv+90fyfQQAAoMBQSv890fyfQQAAoMAAAAAAAAAAAAAAAACAv9rUyz/H6p1BAACgwFwidcAltpFBAACgwHnR6b8mPJ1BAACgwAAAAAAAgAAAAAAAAIC/2tTLP8fqnUEAAKDAedHpvyY8nUEAAKDAUEr/vdH8n0EAAKDAAAAAAAAAAAAAAAAAgL/PWZZASa6FQQAAoMBD5JhAS8qDQQAAoMBoDZtAzN6BQQAAoMAAAAAAAAAAAACAAACAv89ZlkBJroVBAACgwIM2nkBj7HtBAACgwKpvk0Db7FBBAACgwAAAAAAAAAAAAAAAAIC/z1mWQEmuhUEAAKDAaA2bQMzegUEAAKDAgzaeQGPse0EAAKDAAAAAAAAAAAAAAAAAgL/PWZZASa6FQQAAoMCqb5NA2+xQQQAAoMDLhohAAklGQQAAoMAAAAAAAAAAAAAAAACAv6ScA0DSdZxBAACgwNrUyz/H6p1BAACgwHnR6T8mPJ1BAACgwAAAAAAAAAAAAAAAAIC/9YOMQFIhi0EAAKDAryeQQPhaiUEAAKDAqm+TQJOJh0EAAKDAAAAAAAAAAAAAAAAAgL/LhohAf9uMQQAAoMD1g4xAUiGLQQAAoMCqb5NAk4mHQQAAoMAAAAAAAAAAAAAAAACAv2SdLUDemZlBAACgwMf8EUBKmJtBAACgwAAAIEAapJpBAACgwAAAAAAAAAAAAAAAAIC/ZJ0tQN6ZmUEAAKDApJwDQNJ1nEEAAKDAx/wRQEqYm0EAAKDAAAAAAAAAAAAAAAAAgL9knS1A3pmZQQAAoMDa1Ms/x+qdQQAAoMCknANA0nWcQQAAoMAAAAAAAAAAAAAAAACAv70yhEBmiI5BAACgwMuGiEB/24xBAACgwKpvk0CTiYdBAACgwAAAAAAAAAAAAAAAAIC/SYRHQPRFl0EAAKDAqm+TQJOJh0EAAKDAz1mWQEmuhUEAAKDAAAAAAAAAAAAAAAAAgL9JhEdA9EWXQQAAoMBknS1A3pmZQQAAoMBIzDpAP3qYQQAAoMAAAAAAAAAAAAAAAACAv0mER0D0RZdBAACgwM9ZlsBJroVBAACgwMuGiMB/24xBAACgwAAAAAAAAAAAAAAAAIC/SYRHQPRFl0EAAKDA2tTLP8fqnUEAAKDAZJ0tQN6ZmUEAAKDAAAAAAAAAAAAAAAAAgL9JhEdA9EWXQQAAoMDPWZZASa6FQQAAoMDLhohAAklGQQAAoMAAAAAAAAAAAAAAAACAv0mER0D0RZdBAACgwMuGiMB/24xBAACgwFwidcAltpFBAACgwAAAAAAAAAAAAIAAAIC/SYRHQPRFl0EAAKDAy4aIQAJJRkEAAKDAz1mWwEmuhUEAAKDAAAAAAACAAAAAAAAAgL9JhEdA9EWXQQAAoMBcInXAJbaRQQAAoMDa1Ms/x+qdQQAAoMAAAAAAAAAAAAAAAACAv1widUAltpFBAACgwBgVf0D1JpBBAACgwL0yhEBmiI5BAACgwAAAAAAAAAAAAAAAAIC/XCJ1QCW2kUEAAKDAvTKEQGaIjkEAAKDAqm+TQJOJh0EAAKDAAAAAAAAAAAAAAAAAgL+ck2pA+DSTQQAAoMBcInVAJbaRQQAAoMCqb5NAk4mHQQAAoMAAAAAAAAAAAAAAAACAv49vX0B6opRBAACgwEmER0D0RZdBAACgwE69U0DC/ZVBAACgwAAAAAAAgAAAAIAAAIC/j29fQHqilEEAAKDAqm+TQJOJh0EAAKDASYRHQPRFl0EAAKDAAAAAAAAAAAAAAAAAgL+Pb19AeqKUQQAAoMCck2pA+DSTQQAAoMCqb5NAk4mHQQAAoMAAAA==&quot;), c => c.charCodeAt(0));
    const geometry = loader.parse(bytes.buffer);

    const material = new THREE.MeshNormalMaterial({flatShading: true});
    const mesh = new THREE.Mesh(geometry, material);
    scene.add(mesh);

    // Center the mesh
    geometry.computeBoundingBox();
    const center = new THREE.Vector3();
    geometry.boundingBox.getCenter(center);
    mesh.position.sub(center);

    // Dynamic camera distance
    const size = geometry.boundingBox.getSize(new THREE.Vector3()).length();
    camera.position.z = size * 2;

    // Lights
    const light = new THREE.DirectionalLight(0xffffff, 1);
    light.position.set(1, 1, 2);
    scene.add(light);

    const controls = new THREE.OrbitControls(camera, renderer.domElement);
    controls.update();

    function animate() {
        requestAnimationFrame(animate);
        controls.update();
        renderer.render(scene, camera);
    }
    animate();

    window.addEventListener('resize', () => {
        camera.aspect = window.innerWidth / window.innerHeight;
        camera.updateProjectionMatrix();
        renderer.setSize(window.innerWidth, window.innerHeight);
    });
    </script>
    </body>
    </html>
    "" style=""width:100%;height:480px;border:0;""></iframe>",2025-11-11 23:07:07.845025
